id,peripheral_code,type,brand,model,serial_number,condition,condition_details,room_id,unit_id,qr_code_path,created_at,updated_at
236,PRF-236,Mouse,DELUX,SM-9023,N/A,Working,NULL,1,152,isu-ilagan/ict-department/room-102/152/prf-236,12/4/2025 13:44,12/4/2025 20:22
237,PRF-237,Keyboard,Acer,SK-9626,9130042BK802,Working,NULL,1,152,isu-ilagan/ict-department/room-102/152/prf-237,12/4/2025 13:45,12/4/2025 13:45
238,PRF-238,Keyboard,Acer,SK-9626,913004DBK802,Working,NULL,1,164,isu-ilagan/ict-department/room-102/164/prf-238,12/4/2025 13:47,12/4/2025 13:47
239,PRF-239,Mouse,Acer,N/A,NULL,Working,NULL,1,165,isu-ilagan/ict-department/room-102/165/prf-239,12/4/2025 13:48,12/4/2025 13:48
240,PRF-240,Keyboard,Acer,SK-9626,913004DBK802,Working,NULL,1,165,isu-ilagan/ict-department/room-102/165/prf-240,12/4/2025 13:48,12/4/2025 13:48
241,PRF-241,Mouse,ACER,N/A,905000ABK800,Working,NULL,1,126,isu-ilagan/ict-department/room-102/126/prf-241,12/4/2025 18:15,12/4/2025 18:15
242,PRF-242,Keyboard,ACER,N/A,913004B4K802,Working,NULL,1,126,isu-ilagan/ict-department/room-102/126/prf-242,12/4/2025 18:16,12/4/2025 18:16
243,PRF-243,Mouse,Acer,N/A,905000ABK800,Working,NULL,1,127,isu-ilagan/ict-department/room-102/127/prf-243,12/4/2025 18:33,12/4/2025 18:33
244,PRF-244,Keyboard,ACER,N/A,91300426K802,Working,NULL,1,127,isu-ilagan/ict-department/room-102/127/prf-244,12/4/2025 18:34,12/4/2025 18:34
245,PRF-245,Mouse,Acer,N/A,905000C1K800,Working,NULL,1,128,isu-ilagan/ict-department/room-102/128/prf-245,12/4/2025 18:34,12/4/2025 18:34
246,PRF-246,Keyboard,ACER,N/A,913004C3K802,Working,NULL,1,128,isu-ilagan/ict-department/room-102/128/prf-246,12/4/2025 18:34,12/4/2025 18:34
247,PRF-247,Mouse,Acer,N/A,9050009FK800,Working,NULL,1,132,isu-ilagan/ict-department/room-102/132/prf-247,12/4/2025 18:34,12/4/2025 18:34
248,PRF-248,Keyboard,ACER,N/A,91300428K802,Working,NULL,1,132,isu-ilagan/ict-department/room-102/132/prf-248,12/4/2025 18:34,12/4/2025 18:34
249,PRF-249,Mouse,Acer,N/A,9050009EK800,Working,NULL,1,131,isu-ilagan/ict-department/room-102/131/prf-249,12/4/2025 18:34,12/4/2025 18:34
250,PRF-250,Keyboard,ACER,N/A,913004DFK802,Working,NULL,1,131,isu-ilagan/ict-department/room-102/131/prf-250,12/4/2025 18:35,12/4/2025 18:35
251,PRF-251,Mouse,Acer,N/A,905000BOK800,Working,NULL,1,133,isu-ilagan/ict-department/room-102/133/prf-251,12/4/2025 18:35,12/4/2025 18:35
252,PRF-252,Keyboard,ACER,N/A,913004D6K802,Working,NULL,1,133,isu-ilagan/ict-department/room-102/133/prf-252,12/4/2025 18:35,12/4/2025 18:35
253,PRF-253,Mouse,Acer,N/A,905000A0K800,Working,NULL,1,164,isu-ilagan/ict-department/room-102/164/prf-253,12/4/2025 18:35,12/4/2025 18:35
287,PRF-287,Keyboard,ACER,SK-9626,NULL,Working,NULL,1,166,isu-ilagan/ict-department/room-102/166/prf-287,12/4/2025 20:21,12/4/2025 20:21
288,PRF-288,Mouse,ACER,SM-9023,NULL,Working,NULL,1,166,isu-ilagan/ict-department/room-102/166/prf-288,12/4/2025 20:23,12/4/2025 20:23
289,PRF-289,Keyboard,ACER,SK-9626,NULL,Working,NULL,1,167,isu-ilagan/ict-department/room-102/167/prf-289,12/4/2025 20:23,12/4/2025 20:23
290,PRF-290,Mouse,ACER,SM-9023,NULL,Working,NULL,1,167,isu-ilagan/ict-department/room-102/167/prf-290,12/4/2025 20:23,12/4/2025 20:23
291,PRF-291,Keyboard,ACER,SK-9626,NULL,Working,NULL,1,168,isu-ilagan/ict-department/room-102/168/prf-291,12/4/2025 20:23,12/4/2025 20:23
292,PRF-292,Mouse,ACER,SM-9023,NULL,Working,NULL,1,168,isu-ilagan/ict-department/room-102/168/prf-292,12/4/2025 20:23,12/4/2025 20:23
293,PRF-293,Keyboard,ACER,SK-9626,NULL,Working,NULL,1,169,isu-ilagan/ict-department/room-102/169/prf-293,12/4/2025 20:23,12/4/2025 20:23
294,PRF-294,Mouse,ACER,SM-9023,NULL,Working,NULL,1,169,isu-ilagan/ict-department/room-102/169/prf-294,12/4/2025 20:23,12/4/2025 20:23
295,PRF-295,Keyboard,ACER,SK-9626,NULL,Working,NULL,1,170,isu-ilagan/ict-department/room-102/170/prf-295,12/4/2025 20:23,12/4/2025 20:23
296,PRF-296,Mouse,ACER,SM-9023,NULL,Working,NULL,1,170,isu-ilagan/ict-department/room-102/170/prf-296,12/4/2025 20:23,12/4/2025 20:23
297,PRF-297,Keyboard,ACER,SK-9626,NULL,Working,NULL,1,171,isu-ilagan/ict-department/room-102/171/prf-297,12/4/2025 20:23,12/4/2025 20:23
298,PRF-298,Mouse,ACER,SM-9023,NULL,Working,NULL,1,172,isu-ilagan/ict-department/room-102/172/prf-298,12/4/2025 20:24,12/4/2025 20:24
299,PRF-299,Keyboard,ACER,SK-9626,NULL,Working,NULL,1,172,isu-ilagan/ict-department/room-102/172/prf-299,12/4/2025 20:24,12/4/2025 20:24
300,PRF-300,Mouse,ACER,SM-9023,NULL,Working,NULL,1,173,isu-ilagan/ict-department/room-102/173/prf-300,12/4/2025 20:24,12/4/2025 20:24
301,PRF-301,Keyboard,ACER,SK-9626,NULL,Working,NULL,1,173,isu-ilagan/ict-department/room-102/173/prf-301,12/4/2025 20:24,12/4/2025 20:24
302,PRF-302,Mouse,ACER,SM-9023,NULL,Working,NULL,1,174,isu-ilagan/ict-department/room-102/174/prf-302,12/4/2025 20:24,12/4/2025 20:24
303,PRF-303,Keyboard,ACER,SK-9626,NULL,Working,NULL,1,174,isu-ilagan/ict-department/room-102/174/prf-303,12/4/2025 20:24,12/4/2025 20:24
304,PRF-304,Mouse,ACER,SM-9023,NULL,Working,NULL,1,134,isu-ilagan/ict-department/room-102/134/prf-304,12/4/2025 20:24,12/4/2025 20:24
305,PRF-305,Keyboard,ACER,SK-9626,NULL,Working,NULL,1,134,isu-ilagan/ict-department/room-102/134/prf-305,12/4/2025 20:24,12/4/2025 20:24
306,PRF-306,Mouse,ACER,SM-9023,NULL,Working,NULL,1,135,isu-ilagan/ict-department/room-102/135/prf-306,12/4/2025 20:24,12/4/2025 20:24
307,PRF-307,Keyboard,ACER,SK-9626,NULL,Working,NULL,1,135,isu-ilagan/ict-department/room-102/135/prf-307,12/4/2025 20:24,12/4/2025 20:24
308,PRF-308,Mouse,ACER,SM-9023,NULL,Working,NULL,1,136,isu-ilagan/ict-department/room-102/136/prf-308,12/4/2025 20:25,12/4/2025 20:25
309,PRF-309,Keyboard,ACER,SK-9626,NULL,Working,NULL,1,136,isu-ilagan/ict-department/room-102/136/prf-309,12/4/2025 20:25,12/4/2025 20:25
310,PRF-310,Mouse,ACER,SM-9023,NULL,Working,NULL,1,137,isu-ilagan/ict-department/room-102/137/prf-310,12/4/2025 20:25,12/4/2025 20:25
311,PRF-311,Keyboard,ACER,SK-9626,NULL,Working,NULL,1,137,isu-ilagan/ict-department/room-102/137/prf-311,12/4/2025 20:25,12/4/2025 20:25
312,PRF-312,Mouse,ACER,SM-9023,NULL,Working,NULL,1,139,isu-ilagan/ict-department/room-102/139/prf-312,12/4/2025 20:25,12/4/2025 20:25
313,PRF-313,Keyboard,ACER,SK-9626,NULL,Working,NULL,1,139,isu-ilagan/ict-department/room-102/139/prf-313,12/4/2025 20:25,12/4/2025 20:25
314,PRF-314,Mouse,ACER,SM-9023,NULL,Working,NULL,1,140,isu-ilagan/ict-department/room-102/140/prf-314,12/4/2025 20:25,12/4/2025 20:25
315,PRF-315,Keyboard,ACER,SK-9626,NULL,Working,NULL,1,140,isu-ilagan/ict-department/room-102/140/prf-315,12/4/2025 20:25,12/4/2025 20:25
316,PRF-316,Mouse,ACER,SM-9023,NULL,Working,NULL,1,141,isu-ilagan/ict-department/room-102/141/prf-316,12/4/2025 20:25,12/4/2025 20:25
317,PRF-317,Keyboard,ACER,SK-9626,NULL,Working,NULL,1,141,isu-ilagan/ict-department/room-102/141/prf-317,12/4/2025 20:25,12/4/2025 20:25
318,PRF-318,Mouse,ACER,SM-9023,NULL,Working,NULL,1,142,isu-ilagan/ict-department/room-102/142/prf-318,12/4/2025 20:25,12/4/2025 20:25
319,PRF-319,Keyboard,ACER,SK-9626,NULL,Working,NULL,1,142,isu-ilagan/ict-department/room-102/142/prf-319,12/4/2025 20:25,12/4/2025 20:25
320,PRF-320,Mouse,ACER,SM-9023,NULL,Working,NULL,1,145,isu-ilagan/ict-department/room-102/145/prf-320,12/4/2025 20:26,12/4/2025 20:26
321,PRF-321,Keyboard,ACER,SK-9626,NULL,Working,NULL,1,145,isu-ilagan/ict-department/room-102/145/prf-321,12/4/2025 20:26,12/4/2025 20:26
322,PRF-322,Mouse,ACER,SM-9023,NULL,Working,NULL,1,146,isu-ilagan/ict-department/room-102/146/prf-322,12/4/2025 20:26,12/4/2025 20:26
323,PRF-323,Keyboard,ACER,SK-9626,NULL,Working,NULL,1,146,isu-ilagan/ict-department/room-102/146/prf-323,12/4/2025 20:26,12/4/2025 20:26
324,PRF-324,Mouse,ACER,SM-9023,NULL,Working,NULL,1,147,isu-ilagan/ict-department/room-102/147/prf-324,12/4/2025 20:27,12/4/2025 20:27
325,PRF-325,Keyboard,ACER,SK-9626,NULL,Working,NULL,1,147,isu-ilagan/ict-department/room-102/147/prf-325,12/4/2025 20:27,12/4/2025 20:27
326,PRF-326,Mouse,ACER,SM-9023,NULL,Working,NULL,1,148,isu-ilagan/ict-department/room-102/148/prf-326,12/4/2025 20:27,12/4/2025 20:27
327,PRF-327,Keyboard,ACER,SK-9626,NULL,Working,NULL,1,148,isu-ilagan/ict-department/room-102/148/prf-327,12/4/2025 20:27,12/4/2025 20:27
328,PRF-328,Mouse,ACER,SM-9023,NULL,Working,NULL,1,149,isu-ilagan/ict-department/room-102/149/prf-328,12/4/2025 20:27,12/4/2025 20:27
329,PRF-329,Keyboard,ACER,SK-9626,NULL,Working,NULL,1,149,isu-ilagan/ict-department/room-102/149/prf-329,12/4/2025 20:28,12/4/2025 20:28
330,PRF-330,Mouse,ACER,SM-9023,NULL,Working,NULL,1,175,isu-ilagan/ict-department/room-102/175/prf-330,12/4/2025 20:28,12/4/2025 20:28
331,PRF-331,Keyboard,ACER,SK-9626,NULL,Working,NULL,1,175,isu-ilagan/ict-department/room-102/175/prf-331,12/4/2025 20:28,12/4/2025 20:28
332,PRF-332,Mouse,ACER,SM-9023,NULL,Working,NULL,1,176,isu-ilagan/ict-department/room-102/176/prf-332,12/4/2025 20:28,12/4/2025 20:28
333,PRF-333,Keyboard,ACER,SK-9626,NULL,Working,NULL,1,176,isu-ilagan/ict-department/room-102/176/prf-333,12/4/2025 20:28,12/4/2025 20:28
334,PRF-334,Mouse,ACER,SM-9023,NULL,Working,NULL,1,177,isu-ilagan/ict-department/room-102/177/prf-334,12/4/2025 20:28,12/4/2025 20:28
335,PRF-335,Keyboard,ACER,SK-9626,NULL,Working,NULL,1,177,isu-ilagan/ict-department/room-102/177/prf-335,12/4/2025 20:28,12/4/2025 20:28
336,PRF-336,Mouse,ACER,SM-9023,NULL,Working,NULL,1,179,isu-ilagan/ict-department/room-102/179/prf-336,12/4/2025 20:29,12/4/2025 20:29
337,PRF-337,Keyboard,ACER,SK-9626,NULL,Working,NULL,1,179,isu-ilagan/ict-department/room-102/179/prf-337,12/4/2025 20:29,12/4/2025 20:29
338,PRF-338,Mouse,ACER,SM-9023,NULL,Working,NULL,1,180,isu-ilagan/ict-department/room-102/180/prf-338,12/4/2025 20:29,12/4/2025 20:29
339,PRF-339,Keyboard,ACER,SK-9626,NULL,Working,NULL,1,180,isu-ilagan/ict-department/room-102/180/prf-339,12/4/2025 20:29,12/4/2025 20:29
340,PRF-340,Keyboard,ACER,SK-9626,NULL,Working,NULL,1,178,isu-ilagan/ict-department/room-102/178/prf-340,12/4/2025 20:29,12/4/2025 20:29
341,PRF-341,Keyboard,ACER,SK-9626,NULL,Working,NULL,1,144,isu-ilagan/ict-department/room-102/144/prf-341,12/4/2025 20:29,12/4/2025 20:29
342,PRF-342,Keyboard,ACER,SK-9626,NULL,Working,NULL,1,143,isu-ilagan/ict-department/room-102/143/prf-342,12/4/2025 20:29,12/4/2025 20:29
343,PRF-343,Mouse,A4TECH,OP-720,NULL,Working,NULL,1,143,isu-ilagan/ict-department/room-102/143/prf-343,12/4/2025 20:30,12/4/2025 20:30
344,PRF-344,Keyboard,A4TECH,KRS-85,PE1911005124,Working,NULL,1,138,isu-ilagan/ict-department/room-102/138/prf-344,12/4/2025 20:30,12/4/2025 20:30
345,PRF-345,Mouse,ACER,SM-9023,NULL,Working,NULL,1,138,isu-ilagan/ict-department/room-102/138/prf-345,12/4/2025 20:30,12/4/2025 20:30
254,PRF-254,Mouse,BADWOLF,NULL,NULL,Working,NULL,2,199,isu-ilagan/ict-department/room-103/199/prf-254,12/4/2025 20:03,12/4/2025 20:03
255,PRF-255,Keyboard,BADWOLF,BK800,NULL,Working,NULL,2,199,isu-ilagan/ict-department/room-103/199/prf-255,12/4/2025 20:04,12/4/2025 20:04
256,PRF-256,Mouse,BADWOLF,NULL,NULL,Working,NULL,2,200,isu-ilagan/ict-department/room-103/200/prf-256,12/4/2025 20:04,12/4/2025 20:04
257,PRF-257,Keyboard,BADWOLF,BK800,NULL,Working,NULL,2,200,isu-ilagan/ict-department/room-103/200/prf-257,12/4/2025 20:04,12/4/2025 20:04
258,PRF-258,Mouse,BADWOLF,NULL,NULL,Working,NULL,2,201,isu-ilagan/ict-department/room-103/201/prf-258,12/4/2025 20:04,12/4/2025 20:04
259,PRF-259,Keyboard,BADWOLF,BK800,NULL,Working,NULL,2,201,isu-ilagan/ict-department/room-103/201/prf-259,12/4/2025 20:04,12/4/2025 20:04
260,PRF-260,Mouse,BADWOLF,NULL,NULL,Working,NULL,2,202,isu-ilagan/ict-department/room-103/202/prf-260,12/4/2025 20:04,12/4/2025 20:04
261,PRF-261,Keyboard,BADWOLF,BK800,NULL,Working,NULL,2,202,isu-ilagan/ict-department/room-103/202/prf-261,12/4/2025 20:05,12/4/2025 20:05
262,PRF-262,Mouse,BADWOLF,NULL,NULL,Working,NULL,2,206,isu-ilagan/ict-department/room-103/206/prf-262,12/4/2025 20:05,12/4/2025 20:05
263,PRF-263,Keyboard,BADWOLF,BK800,NULL,Working,NULL,2,206,isu-ilagan/ict-department/room-103/206/prf-263,12/4/2025 20:05,12/4/2025 20:05
264,PRF-264,Mouse,BADWOLF,NULL,NULL,Working,NULL,2,207,isu-ilagan/ict-department/room-103/207/prf-264,12/4/2025 20:05,12/4/2025 20:05
265,PRF-265,Keyboard,BADWOLF,BK800,NULL,Working,NULL,2,207,isu-ilagan/ict-department/room-103/207/prf-265,12/4/2025 20:05,12/4/2025 20:05
266,PRF-266,Mouse,BADWOLF,NULL,NULL,Working,NULL,2,208,isu-ilagan/ict-department/room-103/208/prf-266,12/4/2025 20:05,12/4/2025 20:05
267,PRF-267,Keyboard,BADWOLF,BK800,NULL,Working,NULL,2,208,isu-ilagan/ict-department/room-103/208/prf-267,12/4/2025 20:05,12/4/2025 20:05
268,PRF-268,Mouse,BADWOLF,NULL,NULL,Working,NULL,2,205,isu-ilagan/ict-department/room-103/205/prf-268,12/4/2025 20:06,12/4/2025 20:06
269,PRF-269,Keyboard,BADWOLF,BK800,NULL,Working,NULL,2,203,isu-ilagan/ict-department/room-103/203/prf-269,12/4/2025 20:06,12/4/2025 20:06
270,PRF-270,Mouse,A4TECH,OP-720,NULL,Working,NULL,2,209,isu-ilagan/ict-department/room-103/209/prf-270,12/4/2025 20:07,12/4/2025 20:07
271,PRF-271,Keyboard,BADWOLF,BK800,NULL,Working,NULL,2,209,isu-ilagan/ict-department/room-103/209/prf-271,12/4/2025 20:07,12/4/2025 20:07
272,PRF-272,Mouse,NULL,NULL,NULL,Working,NULL,2,210,isu-ilagan/ict-department/room-103/210/prf-272,12/4/2025 20:07,12/4/2025 20:07
273,PRF-273,Keyboard,ACER,PR1101U,NULL,Working,NULL,2,210,isu-ilagan/ict-department/room-103/210/prf-273,12/4/2025 20:08,12/4/2025 20:08
274,PRF-274,Keyboard,A4TECH,KRS-85,NULL,Working,NULL,2,205,isu-ilagan/ict-department/room-103/205/prf-274,12/4/2025 20:08,12/4/2025 20:08
275,PRF-275,Keyboard,BADWOLF,BK800,NULL,Working,NULL,2,211,isu-ilagan/ict-department/room-103/211/prf-275,12/4/2025 20:08,12/4/2025 20:08
276,PRF-276,Keyboard,DELUX,K6002,K60028E001451,Working,NULL,2,181,isu-ilagan/ict-department/room-103/181/prf-276,12/4/2025 20:09,12/4/2025 20:09
277,PRF-277,Keyboard,BADWOLF,BK800,NULL,Working,NULL,2,182,isu-ilagan/ict-department/room-103/182/prf-277,12/4/2025 20:09,12/4/2025 20:09
278,PRF-278,Keyboard,BADWOLF,BK800,NULL,Working,NULL,2,183,isu-ilagan/ict-department/room-103/183/prf-278,12/4/2025 20:10,12/4/2025 20:10
279,PRF-279,Keyboard,BADWOLF,BK800,NULL,Working,NULL,2,184,isu-ilagan/ict-department/room-103/184/prf-279,12/4/2025 20:10,12/4/2025 20:10
280,PRF-280,Keyboard,BADWOLF,BK800,NULL,Working,NULL,2,185,isu-ilagan/ict-department/room-103/185/prf-280,12/4/2025 20:10,12/4/2025 20:10
281,PRF-281,Keyboard,BADWOLF,BK800,NULL,Working,NULL,2,186,isu-ilagan/ict-department/room-103/186/prf-281,12/4/2025 20:10,12/4/2025 20:10
282,PRF-282,Keyboard,BADWOLF,BK800,NULL,Working,NULL,2,187,isu-ilagan/ict-department/room-103/187/prf-282,12/4/2025 20:10,12/4/2025 20:10
283,PRF-283,Keyboard,BADWOLF,BK800,NULL,Working,NULL,2,189,isu-ilagan/ict-department/room-103/189/prf-283,12/4/2025 20:10,12/4/2025 20:10
284,PRF-284,Keyboard,ACER,PR1101U,NULL,Working,NULL,2,190,isu-ilagan/ict-department/room-103/190/prf-284,12/4/2025 20:11,12/4/2025 20:11
285,PRF-285,Mouse,BADWOLF,NULL,NULL,Working,NULL,2,185,isu-ilagan/ict-department/room-103/185/prf-285,12/4/2025 20:11,12/4/2025 20:11
286,PRF-286,Mouse,BADWOLF,NULL,NULL,Working,NULL,2,184,isu-ilagan/ict-department/room-103/184/prf-286,12/4/2025 20:11,12/4/2025 20:11
346,PRF-346,Mouse,BADWOLF,N/A,N/A,Working,NULL,2,191,isu-ilagan/ict-department/room-103/191/prf-346,12/4/2025 22:06,12/4/2025 22:06
347,PRF-347,Keyboard,BADWOLF,N/A,N/A,Working,NULL,2,191,isu-ilagan/ict-department/room-103/191/prf-347,12/4/2025 22:06,12/4/2025 22:06
348,PRF-348,Mouse,BADWOLF,N/A,N/A,Working,NULL,2,192,isu-ilagan/ict-department/room-103/192/prf-348,12/4/2025 22:06,12/4/2025 22:06
349,PRF-349,Keyboard,BADWOLF,N/A,N/A,Working,NULL,2,192,isu-ilagan/ict-department/room-103/192/prf-349,12/4/2025 22:07,12/4/2025 22:07
350,PRF-350,Mouse,BADWOLF,N/A,N/A,Working,NULL,2,193,isu-ilagan/ict-department/room-103/193/prf-350,12/4/2025 22:07,12/4/2025 22:07
351,PRF-351,Keyboard,BADWOLF,N/A,N/A,Working,NULL,2,193,isu-ilagan/ict-department/room-103/193/prf-351,12/4/2025 22:07,12/4/2025 22:07
352,PRF-352,Mouse,BADWOLF,N/A,N/A,Working,NULL,2,194,isu-ilagan/ict-department/room-103/194/prf-352,12/4/2025 22:07,12/4/2025 22:07
353,PRF-353,Keyboard,BADWOLF,N/A,N/A,Working,NULL,2,194,isu-ilagan/ict-department/room-103/194/prf-353,12/4/2025 22:07,12/4/2025 22:07
354,PRF-354,Mouse,GENIUS,N/A,3.79E+11,Working,NULL,2,195,isu-ilagan/ict-department/room-103/195/prf-354,12/4/2025 22:08,12/4/2025 22:08
355,PRF-355,Keyboard,BADWOLF,N/A,N/A,Working,NULL,2,195,isu-ilagan/ict-department/room-103/195/prf-355,12/4/2025 22:08,12/4/2025 22:08
356,PRF-356,Mouse,Imation,KMC-50,1108006052,Working,NULL,2,196,isu-ilagan/ict-department/room-103/196/prf-356,12/4/2025 22:09,12/4/2025 22:09
357,PRF-357,Keyboard,BADWOLF,N/A,N/A,Working,NULL,2,196,isu-ilagan/ict-department/room-103/196/prf-357,12/4/2025 22:09,12/4/2025 22:09
80,PRF-080,Mouse,A4TECH,OP-330,23SER01,Working,NULL,3,41,isu-ilagan/ict-department/room-201/41/prf-080,11/25/2025 14:38,11/25/2025 14:38
81,PRF-081,Keyboard,A4TECH,KRS-3,23SER00,Working,NULL,3,41,isu-ilagan/ict-department/room-201/41/prf-081,11/25/2025 14:39,11/25/2025 14:39
82,PRF-082,Mouse,A4TECH,OP-330,24XYI01,Working,NULL,3,44,isu-ilagan/ict-department/room-201/44/prf-082,11/25/2025 14:42,11/25/2025 14:42
83,PRF-083,Keyboard,A4TECH,KRS-3,24XYI00,Working,NULL,3,44,isu-ilagan/ict-department/room-201/44/prf-083,11/25/2025 14:43,11/25/2025 14:43
84,PRF-084,Mouse,A4TECH,OP-330,24XYIO1,Working,NULL,3,50,isu-ilagan/ict-department/room-201/50/prf-084,11/25/2025 15:20,11/25/2025 15:20
85,PRF-085,Keyboard,A4TECH,KRS-3,24XYI00,Working,NULL,3,50,isu-ilagan/ict-department/room-201/50/prf-085,11/25/2025 15:21,11/25/2025 15:21
86,PRF-086,Mouse,A4TECH,OP-330,24XYIO1,Working,NULL,3,42,isu-ilagan/ict-department/room-201/42/prf-086,11/25/2025 15:21,11/25/2025 15:21
87,PRF-087,Keyboard,A4TECH,KRS-3,23SER00,Working,NULL,3,42,isu-ilagan/ict-department/room-201/42/prf-087,11/25/2025 15:22,11/25/2025 15:22
88,PRF-088,Mouse,A4TECH,OP-330,23SER01,Working,NULL,3,43,isu-ilagan/ict-department/room-201/43/prf-088,11/25/2025 15:23,11/25/2025 15:23
89,PRF-089,Keyboard,A4TECH,KRS-3,24SHI00,Working,NULL,3,43,isu-ilagan/ict-department/room-201/43/prf-089,11/25/2025 15:23,11/25/2025 15:23
90,PRF-090,Mouse,A4TECH,OP-330,24XYIO1,Working,NULL,3,45,isu-ilagan/ict-department/room-201/45/prf-090,11/25/2025 15:24,11/25/2025 15:24
91,PRF-091,Keyboard,A4TECH,KRS-3,24XYI00,Working,NULL,3,45,isu-ilagan/ict-department/room-201/45/prf-091,11/25/2025 15:24,11/25/2025 15:24
92,PRF-092,Mouse,A4TECH,OP-330,24XYIO1,Working,NULL,3,46,isu-ilagan/ict-department/room-201/46/prf-092,11/25/2025 15:24,11/25/2025 15:24
93,PRF-093,Keyboard,A4TECH,KRS-3,24XYI00,Working,NULL,3,46,isu-ilagan/ict-department/room-201/46/prf-093,11/25/2025 15:25,11/25/2025 15:25
94,PRF-094,Mouse,A4TECH,OP-330,NULL,Working,NULL,3,47,isu-ilagan/ict-department/room-201/47/prf-094,11/25/2025 15:26,11/25/2025 15:26
95,PRF-095,Keyboard,A4TECH,KRS-3,23SER00,Working,NULL,3,47,isu-ilagan/ict-department/room-201/47/prf-095,11/25/2025 15:26,11/25/2025 15:26
96,PRF-096,Mouse,A4TECH,OP-330,23SER01,Working,NULL,3,48,isu-ilagan/ict-department/room-201/48/prf-096,11/25/2025 15:27,11/25/2025 15:27
97,PRF-097,Keyboard,A4TECH,KRS-3,23SER00,Working,NULL,3,48,isu-ilagan/ict-department/room-201/48/prf-097,11/25/2025 15:27,11/25/2025 15:27
98,PRF-098,Mouse,A4TECH,OP-330,23SER01,Working,NULL,3,49,isu-ilagan/ict-department/room-201/49/prf-098,11/25/2025 15:27,11/25/2025 15:27
99,PRF-099,Keyboard,A4TECH,KRS-3,24SHI00,Working,NULL,3,49,isu-ilagan/ict-department/room-201/49/prf-099,11/25/2025 15:28,11/25/2025 15:28
100,PRF-100,Monitor,ACER,V196HQL,MMLY0SS0034310822F8502,Working,NULL,3,78,isu-ilagan/ict-department/room-201/78/prf-100,11/25/2025 15:28,11/25/2025 15:28
101,PRF-101,Mouse,A4TECH,OP-330,24SHI01,Working,NULL,3,51,isu-ilagan/ict-department/room-201/51/prf-101,11/25/2025 15:29,11/25/2025 15:29
102,PRF-102,Mouse,CD-R KING,NULL,NULL,Working,NULL,3,78,isu-ilagan/ict-department/room-201/78/prf-102,11/25/2025 15:29,11/25/2025 15:29
103,PRF-103,Keyboard,DELUX,NULL,K60028E004819,Working,NULL,3,51,isu-ilagan/ict-department/room-201/51/prf-103,11/25/2025 15:30,11/25/2025 15:30
104,PRF-104,Keyboard,DELUX,K6010,K60107E001295,Needs Repair,BackSpace Key Broken,3,78,isu-ilagan/ict-department/room-201/78/prf-104,11/25/2025 15:31,11/25/2025 15:31
105,PRF-105,Mouse,A4TECH,OP-330,24SHI01,Working,NULL,3,54,isu-ilagan/ict-department/room-201/54/prf-105,11/25/2025 15:31,11/25/2025 15:31
106,PRF-106,Mouse,A4TECH,OP-330,24SHI01,Working,NULL,3,55,isu-ilagan/ict-department/room-201/55/prf-106,11/25/2025 15:32,11/25/2025 15:32
107,PRF-107,Keyboard,A4TECH,KRS-3,24SHI01,Working,NULL,3,55,isu-ilagan/ict-department/room-201/55/prf-107,11/25/2025 15:32,11/25/2025 15:32
108,PRF-108,Monitor,Acer,V196HQL,MMLY0SS00383609C598507,Working,NULL,3,77,isu-ilagan/ict-department/room-201/77/prf-108,11/25/2025 15:32,11/25/2025 15:32
109,PRF-109,Mouse,A4TECH,OP-330,24SHI01,Working,NULL,3,56,isu-ilagan/ict-department/room-201/56/prf-109,11/25/2025 15:32,11/25/2025 15:32
110,PRF-110,Keyboard,A4TECH,KRS-3,24XYI00,Working,NULL,3,56,isu-ilagan/ict-department/room-201/56/prf-110,11/25/2025 15:33,11/25/2025 15:33
111,PRF-111,Keyboard,LOGITECH,K120,2308MR0FCD48,Working,NULL,3,77,isu-ilagan/ict-department/room-201/77/prf-111,11/25/2025 15:33,11/25/2025 15:33
112,PRF-112,Mouse,A4TECH,OP-330,24SHI01,Working,NULL,3,58,isu-ilagan/ict-department/room-201/58/prf-112,11/25/2025 15:33,11/25/2025 15:33
113,PRF-113,Keyboard,A4TECH,KRS-3,24SHI00,Working,NULL,3,58,isu-ilagan/ict-department/room-201/58/prf-113,11/25/2025 15:34,11/25/2025 15:34
114,PRF-114,Mouse,A4TECH,OP-330,24SHI01,Working,NULL,3,52,isu-ilagan/ict-department/room-201/52/prf-114,11/25/2025 15:35,11/25/2025 15:35
115,PRF-115,Keyboard,A4TECH,KRS-3,24SHI00,Working,NULL,3,52,isu-ilagan/ict-department/room-201/52/prf-115,11/25/2025 15:35,11/25/2025 15:35
116,PRF-116,Mouse,GENIUS,NetScroll 120,1.45E+11,Working,NULL,3,77,isu-ilagan/ict-department/room-201/77/prf-116,11/25/2025 15:35,11/25/2025 15:35
117,PRF-117,Mouse,A4TECH,OP-330,24SHI01,Working,NULL,3,53,isu-ilagan/ict-department/room-201/53/prf-117,11/25/2025 15:36,11/25/2025 15:36
118,PRF-118,Keyboard,A4TECH,KRS-3,24SHI00,Working,NULL,3,53,isu-ilagan/ict-department/room-201/53/prf-118,11/25/2025 15:36,11/25/2025 15:36
119,PRF-119,Keyboard,A4TECH,OP-330,24SHI01,Working,NULL,3,54,isu-ilagan/ict-department/room-201/54/prf-119,11/25/2025 15:37,11/25/2025 15:37
120,PRF-120,Keyboard,GENIUS,KB-06XE,M2602000689,Working,NULL,3,76,isu-ilagan/ict-department/room-201/76/prf-120,11/25/2025 15:38,11/25/2025 15:38
121,PRF-121,Mouse,A4TECH,OP-330,24SHI001,Working,NULL,3,57,isu-ilagan/ict-department/room-201/57/prf-121,11/25/2025 15:38,11/25/2025 15:38
122,PRF-122,Keyboard,A4TECH,KRS-3,24SHI0,Working,NULL,3,57,isu-ilagan/ict-department/room-201/57/prf-122,11/25/2025 15:38,11/25/2025 15:38
123,PRF-123,Mouse,GENIUS,NetScroll 100X,X3E83066600505,Working,NULL,3,76,isu-ilagan/ict-department/room-201/76/prf-123,11/25/2025 15:38,11/25/2025 15:38
124,PRF-124,Mouse,A4TECH,OP-330,24SHI001,Working,NULL,3,59,isu-ilagan/ict-department/room-201/59/prf-124,11/25/2025 15:39,11/25/2025 15:39
125,PRF-125,Keyboard,A4TECH,KRS-3,24SHI00,Working,NULL,3,59,isu-ilagan/ict-department/room-201/59/prf-125,11/25/2025 15:39,11/25/2025 15:39
126,PRF-126,Mouse,A4TECH,OP-330,24SHI001,Working,NULL,3,60,isu-ilagan/ict-department/room-201/60/prf-126,11/25/2025 15:39,11/25/2025 15:39
127,PRF-127,Keyboard,A4TECH,KRS-3,24SHI00,Working,NULL,3,60,isu-ilagan/ict-department/room-201/60/prf-127,11/25/2025 15:39,11/25/2025 15:39
128,PRF-128,Mouse,A4TECH,OP-330,24SHI001,Working,NULL,3,61,isu-ilagan/ict-department/room-201/61/prf-128,11/25/2025 15:40,11/25/2025 15:40
129,PRF-129,Keyboard,A4TECH,KRS-3,24SHI00,Working,NULL,3,61,isu-ilagan/ict-department/room-201/61/prf-129,11/25/2025 15:40,11/25/2025 15:40
130,PRF-130,Mouse,A4TECH,OP-330,24SHI001,Working,NULL,3,62,isu-ilagan/ict-department/room-201/62/prf-130,11/25/2025 15:40,11/25/2025 15:40
131,PRF-131,Monitor,ACER,V196HQL,MMLYOSSO034310822A8502,Working,NULL,3,76,isu-ilagan/ict-department/room-201/76/prf-131,11/25/2025 15:40,11/25/2025 15:40
132,PRF-132,Keyboard,A4TECH,KRS-3,24SHI00,Working,NULL,3,62,isu-ilagan/ict-department/room-201/62/prf-132,11/25/2025 15:41,11/25/2025 15:41
133,PRF-133,Mouse,A4TECH,OP-330,24SHI001,Working,NULL,3,64,isu-ilagan/ict-department/room-201/64/prf-133,11/25/2025 15:41,11/25/2025 15:41
134,PRF-134,Keyboard,A4TECH,KRS-3,24SHI00,Working,NULL,3,64,isu-ilagan/ict-department/room-201/64/prf-134,11/25/2025 15:42,11/25/2025 15:42
135,PRF-135,Mouse,DELUX,M136,NULL,Working,NULL,3,75,isu-ilagan/ict-department/room-201/75/prf-135,11/25/2025 15:42,11/25/2025 15:42
136,PRF-136,Monitor,ACER,V196HQL,MMLYOSSO0383701ECC8507,Working,NULL,3,75,isu-ilagan/ict-department/room-201/75/prf-136,11/25/2025 15:44,11/25/2025 15:44
137,PRF-137,Mouse,A4TECH,OP-330,24SHI001,Working,NULL,3,63,isu-ilagan/ict-department/room-201/63/prf-137,11/25/2025 15:44,11/25/2025 15:44
138,PRF-138,Keyboard,LOGITECH,K120,2413MR07E478,Working,NULL,3,75,isu-ilagan/ict-department/room-201/75/prf-138,11/25/2025 15:44,11/25/2025 15:44
139,PRF-139,Keyboard,A4TECH,KRS-3,24SHI00,Working,NULL,3,63,isu-ilagan/ict-department/room-201/63/prf-139,11/25/2025 15:45,11/25/2025 15:45
140,PRF-140,Mouse,A4TECH,OP-330,24SHI001,Working,NULL,3,65,isu-ilagan/ict-department/room-201/65/prf-140,11/25/2025 15:45,11/25/2025 15:45
141,PRF-141,Keyboard,A4TECH,KRS-3,24SHI00,Working,NULL,3,65,isu-ilagan/ict-department/room-201/65/prf-141,11/25/2025 15:45,11/25/2025 15:45
142,PRF-142,Mouse,A4TECH,OP-330,24SHI001,Working,NULL,3,66,isu-ilagan/ict-department/room-201/66/prf-142,11/25/2025 15:46,11/25/2025 15:46
143,PRF-143,Keyboard,A4TECH,KRS-3,24SHI00,Working,NULL,3,66,isu-ilagan/ict-department/room-201/66/prf-143,11/25/2025 15:46,11/25/2025 15:46
144,PRF-144,Mouse,A4TECH,OP-330,24SHI001,Working,NULL,3,67,isu-ilagan/ict-department/room-201/67/prf-144,11/25/2025 15:46,11/25/2025 15:46
145,PRF-145,Keyboard,A4TECH,KRS-3,24SHI00,Working,NULL,3,67,isu-ilagan/ict-department/room-201/67/prf-145,11/25/2025 15:46,11/25/2025 15:46
146,PRF-146,Monitor,ACER,V196HQL,MMLYOSS003431081A8502,Working,NULL,3,74,isu-ilagan/ict-department/room-201/74/prf-146,11/25/2025 15:46,11/25/2025 15:46
147,PRF-147,Mouse,A4TECH,OP-330,24SHI001,Working,NULL,3,68,isu-ilagan/ict-department/room-201/68/prf-147,11/25/2025 15:47,11/25/2025 15:47
148,PRF-148,Keyboard,A4TECH,KRS-3,24SER00,Working,NULL,3,68,isu-ilagan/ict-department/room-201/68/prf-148,11/25/2025 15:47,11/25/2025 15:47
149,PRF-149,Mouse,A4TECH,OP-330,24SHI001,Working,NULL,3,69,isu-ilagan/ict-department/room-201/69/prf-149,11/25/2025 15:48,11/25/2025 15:48
150,PRF-150,Keyboard,A4TECH,KRS-3,24SHI00,Working,NULL,3,69,isu-ilagan/ict-department/room-201/69/prf-150,11/25/2025 15:48,11/25/2025 15:48
151,PRF-151,Keyboard,DELUX,K6002,K60028E004808,Working,NULL,3,74,isu-ilagan/ict-department/room-201/74/prf-151,11/25/2025 15:49,11/25/2025 15:49
152,PRF-152,Mouse,LENOVO,MO28UOB,8SSM57A18159P2CH87G083G,Working,NULL,3,74,isu-ilagan/ict-department/room-201/74/prf-152,11/25/2025 15:53,11/25/2025 15:53
153,PRF-153,Keyboard,LOGITECH,K120,2308MR0FCD38,Working,NULL,3,73,isu-ilagan/ict-department/room-201/73/prf-153,11/25/2025 15:54,11/25/2025 15:54
154,PRF-154,Mouse,DELUX,M136,NULL,Working,NULL,3,73,isu-ilagan/ict-department/room-201/73/prf-154,11/25/2025 15:55,11/25/2025 15:55
155,PRF-155,Monitor,ACER,V196HQL,MMLY0SS00383609C698507,Working,NULL,3,73,isu-ilagan/ict-department/room-201/73/prf-155,11/25/2025 15:56,11/25/2025 15:56
156,PRF-156,Mouse,A4TECH,OP-720,PE17020P72003399,Working,NULL,3,72,isu-ilagan/ict-department/room-201/72/prf-156,11/25/2025 15:57,11/25/2025 15:57
157,PRF-157,Keyboard,ACER,PR1101U,NULL,Working,NULL,3,72,isu-ilagan/ict-department/room-201/72/prf-157,11/25/2025 15:59,11/25/2025 16:01
158,PRF-158,Monitor,ACER,V196HQL,MMLY0SS00383609C5F8507,Working,NULL,3,72,isu-ilagan/ict-department/room-201/72/prf-158,11/25/2025 16:03,11/25/2025 16:03
159,PRF-159,Mouse,PHILIPS,SPT6234,BC234S213431118,Working,NULL,4,81,isu-ilagan/ict-department/room-202/81/prf-159,11/28/2025 15:54,11/28/2025 15:54
160,PRF-160,Keyboard,PHILIPS,SPT6234,BC234S213430689,Working,NULL,4,81,isu-ilagan/ict-department/room-202/81/prf-160,11/28/2025 15:56,11/28/2025 15:56
161,PRF-161,Mouse,PHILIPS,SPT6234,BC234S213431120,Working,NULL,4,82,isu-ilagan/ict-department/room-202/82/prf-161,11/28/2025 15:57,11/28/2025 15:57
162,PRF-162,Keyboard,PHILIPS,SPT6234,BC234S213431114,Working,NULL,4,82,isu-ilagan/ict-department/room-202/82/prf-162,11/28/2025 15:57,11/28/2025 15:57
163,PRF-163,Mouse,PHILIPS,SPT6234,BC234S213431112,Working,NULL,4,83,isu-ilagan/ict-department/room-202/83/prf-163,11/28/2025 15:58,11/28/2025 15:58
164,PRF-164,Keyboard,PHILIPS,SPT6234,BC234S213431111,Working,NULL,4,83,isu-ilagan/ict-department/room-202/83/prf-164,11/28/2025 15:58,11/28/2025 15:58
165,PRF-165,Mouse,PHILIPS,SPT6234,BC234S213430697,Working,NULL,4,87,isu-ilagan/ict-department/room-202/87/prf-165,11/28/2025 15:58,11/28/2025 15:58
166,PRF-166,Mouse,PHILIPS,SPT6234,BC234S213431113,Working,NULL,4,84,isu-ilagan/ict-department/room-202/84/prf-166,11/28/2025 15:58,11/28/2025 15:58
167,PRF-167,Keyboard,PHILIPS,SPT6234,BC234S213431116,Working,NULL,4,84,isu-ilagan/ict-department/room-202/84/prf-167,11/28/2025 15:59,11/28/2025 15:59
168,PRF-168,Keyboard,PHILIPS,SPT6234,BC234S213431113,Working,NULL,4,87,isu-ilagan/ict-department/room-202/87/prf-168,11/28/2025 15:59,11/28/2025 15:59
169,PRF-169,Mouse,PHILIPS,SPT6234,BC234S213431105,Working,NULL,4,85,isu-ilagan/ict-department/room-202/85/prf-169,11/28/2025 15:59,11/28/2025 15:59
170,PRF-170,Keyboard,PHILIPS,SPT6234,BC234S213430687,Working,NULL,4,85,isu-ilagan/ict-department/room-202/85/prf-170,11/28/2025 15:59,11/28/2025 15:59
171,PRF-171,Mouse,PHILIPS,SPT6234,BC234S213430688,Working,NULL,4,88,isu-ilagan/ict-department/room-202/88/prf-171,11/28/2025 15:59,11/28/2025 15:59
172,PRF-172,Mouse,PHILIPS,SPT6234,BC234S213430687,Working,NULL,4,86,isu-ilagan/ict-department/room-202/86/prf-172,11/28/2025 16:00,11/28/2025 16:00
173,PRF-173,Keyboard,PHILIPS,SPT6234,BC234S213430695,Working,NULL,4,88,isu-ilagan/ict-department/room-202/88/prf-173,11/28/2025 16:00,11/28/2025 16:00
174,PRF-174,Keyboard,PHILIPS,SPT6234,BC234S213430698,Working,NULL,4,86,isu-ilagan/ict-department/room-202/86/prf-174,11/28/2025 16:00,11/28/2025 16:00
175,PRF-175,Mouse,PHILIPS,SPT6234,BC234S213431110,Working,NULL,4,89,isu-ilagan/ict-department/room-202/89/prf-175,11/28/2025 16:01,11/28/2025 16:01
176,PRF-176,Keyboard,PHILIPS,SPT6234,BC234S213430684,Working,NULL,4,89,isu-ilagan/ict-department/room-202/89/prf-176,11/28/2025 16:01,11/28/2025 16:01
177,PRF-177,Mouse,PHILIPS,SPT6234,BC234S213430699,Working,NULL,4,100,isu-ilagan/ict-department/room-202/100/prf-177,11/28/2025 16:01,11/28/2025 16:01
178,PRF-178,Mouse,PHILIPS,SPT6234,BC234S213430686,Working,NULL,4,90,isu-ilagan/ict-department/room-202/90/prf-178,11/28/2025 16:02,11/28/2025 16:02
179,PRF-179,Keyboard,PHILIPS,SPT6234,BC234S213431115,Working,NULL,4,100,isu-ilagan/ict-department/room-202/100/prf-179,11/28/2025 16:02,11/28/2025 16:02
180,PRF-180,Keyboard,PHILIPS,SPT6234,BC234S213430700,Working,NULL,4,90,isu-ilagan/ict-department/room-202/90/prf-180,11/28/2025 16:02,11/28/2025 16:02
181,PRF-181,Mouse,PHILIPS,SPT6234,BC234S213431101,Working,NULL,4,91,isu-ilagan/ict-department/room-202/91/prf-181,11/28/2025 16:02,11/28/2025 16:02
182,PRF-182,Mouse,PHILIPS,SPT6234,BC234S213430695,Working,NULL,4,101,isu-ilagan/ict-department/room-202/101/prf-182,11/28/2025 16:02,11/28/2025 16:02
183,PRF-183,Keyboard,PHILIPS,SPT6234,BC234S213431101,Working,NULL,4,101,isu-ilagan/ict-department/room-202/101/prf-183,11/28/2025 16:03,11/28/2025 16:03
184,PRF-184,Keyboard,PHILIPS,SPT6234,BC234S213430692,Working,NULL,4,91,isu-ilagan/ict-department/room-202/91/prf-184,11/28/2025 16:03,11/28/2025 16:03
185,PRF-185,Mouse,PHILIPS,SPT6234,BC234S213430684,Working,NULL,4,103,isu-ilagan/ict-department/room-202/103/prf-185,11/28/2025 16:03,11/28/2025 16:03
186,PRF-186,Mouse,PHILIPS,SPT6234,BC234S213431115,Working,NULL,4,92,isu-ilagan/ict-department/room-202/92/prf-186,11/28/2025 16:03,11/28/2025 16:03
187,PRF-187,Keyboard,PHILIPS,SPT6234,BC234S213431102,Working,NULL,4,103,isu-ilagan/ict-department/room-202/103/prf-187,11/28/2025 16:04,11/28/2025 16:04
188,PRF-188,Keyboard,PHILIPS,SPT6234,BC234S213430696,Working,NULL,4,92,isu-ilagan/ict-department/room-202/92/prf-188,11/28/2025 16:04,11/28/2025 16:04
189,PRF-189,Mouse,PHILIPS,SPT6234,BC234S213431104,Working,NULL,4,104,isu-ilagan/ict-department/room-202/104/prf-189,11/28/2025 16:04,11/28/2025 16:04
190,PRF-190,Keyboard,PHILIPS,SPT6234,BC234S213431107,Working,NULL,4,104,isu-ilagan/ict-department/room-202/104/prf-190,11/28/2025 16:04,11/28/2025 16:04
191,PRF-191,Mouse,PHILIPS,SPT6234,BC234S213431102,Working,NULL,4,98,isu-ilagan/ict-department/room-202/98/prf-191,11/28/2025 16:05,11/28/2025 16:05
192,PRF-192,Mouse,PHILIPS,SPT6234,BC234S2130689,Working,NULL,4,105,isu-ilagan/ict-department/room-202/105/prf-192,11/28/2025 16:05,11/28/2025 16:05
193,PRF-193,Keyboard,PHILIPS,SPT6234,BC234S213431119,Working,NULL,4,98,isu-ilagan/ict-department/room-202/98/prf-193,11/28/2025 16:05,11/28/2025 16:05
194,PRF-194,Keyboard,PHILIPS,SPT6234,BC234S213431110,Working,NULL,4,105,isu-ilagan/ict-department/room-202/105/prf-194,11/28/2025 16:05,11/28/2025 16:05
195,PRF-195,Mouse,PHILIPS,SPT6234,BC234S213431106,Working,NULL,4,99,isu-ilagan/ict-department/room-202/99/prf-195,11/28/2025 16:06,11/28/2025 16:06
196,PRF-196,Keyboard,PHILIPS,SPT6234,BC234S213430682,Working,NULL,4,99,isu-ilagan/ict-department/room-202/99/prf-196,11/28/2025 16:06,11/28/2025 16:06
197,PRF-197,Mouse,A4TECH,OP-720,NULL,Working,NULL,4,106,isu-ilagan/ict-department/room-202/106/prf-197,11/28/2025 16:06,11/28/2025 16:06
198,PRF-198,Mouse,PHILIPS,SPT6234,BC234S213431119,Working,NULL,4,96,isu-ilagan/ict-department/room-202/96/prf-198,11/28/2025 16:07,11/28/2025 16:07
199,PRF-199,Keyboard,PHILIPS,SPT6234,BC234S213430685,Working,NULL,4,106,isu-ilagan/ict-department/room-202/106/prf-199,11/28/2025 16:07,11/28/2025 16:07
200,PRF-200,Keyboard,A4TECH,KRS-85,PE1911005123,Working,NULL,4,96,isu-ilagan/ict-department/room-202/96/prf-200,11/28/2025 16:08,11/28/2025 16:08
201,PRF-201,Mouse,PHILIPS,SPT6234,BC234S213430696,Working,NULL,4,107,isu-ilagan/ict-department/room-202/107/prf-201,11/28/2025 16:08,11/28/2025 16:08
202,PRF-202,Keyboard,PHILIPS,SPT6234,BC234S213430697,Working,NULL,4,107,isu-ilagan/ict-department/room-202/107/prf-202,11/28/2025 16:08,11/28/2025 16:08
203,PRF-203,Keyboard,PHILIPS,SPT6234,BC234S213431106,Working,NULL,4,95,isu-ilagan/ict-department/room-202/95/prf-203,11/28/2025 16:09,11/28/2025 16:09
204,PRF-204,Mouse,PHILIPS,SPT6234,BC234S213430700,Working,NULL,4,108,isu-ilagan/ict-department/room-202/108/prf-204,11/28/2025 16:09,11/28/2025 16:09
205,PRF-205,Keyboard,PHILIPS,SPT6234,BC234S213431105,Working,NULL,4,108,isu-ilagan/ict-department/room-202/108/prf-205,11/28/2025 16:09,11/28/2025 16:09
206,PRF-206,Mouse,PHILIPS,SPT6234,BC234S213430682,Working,NULL,4,109,isu-ilagan/ict-department/room-202/109/prf-206,11/28/2025 16:09,11/28/2025 16:09
207,PRF-207,Keyboard,PHILIPS,SPT6234,BC234S213430686,Working,NULL,4,109,isu-ilagan/ict-department/room-202/109/prf-207,11/28/2025 16:09,11/28/2025 16:09
208,PRF-208,Mouse,PHILIPS,SPT6234,BC234S213431103,Working,NULL,4,110,isu-ilagan/ict-department/room-202/110/prf-208,11/28/2025 16:10,11/28/2025 16:10
209,PRF-209,Keyboard,PHILIPS,SPT6234,BC234S213431112,Working,NULL,4,94,isu-ilagan/ict-department/room-202/94/prf-209,11/28/2025 16:10,11/28/2025 16:10
210,PRF-210,Keyboard,PHILIPS,SPT6234,BC234S213430693,Working,NULL,4,110,isu-ilagan/ict-department/room-202/110/prf-210,11/28/2025 16:10,11/28/2025 16:10
211,PRF-211,Keyboard,PHILIPS,SPT6234,BC234S213430693,Working,NULL,4,93,isu-ilagan/ict-department/room-202/93/prf-211,11/28/2025 16:11,11/28/2025 16:11
212,PRF-212,Mouse,A4TECH,OP-620D,NULL,Working,NULL,4,111,isu-ilagan/ict-department/room-202/111/prf-212,11/28/2025 16:12,11/28/2025 16:12
213,PRF-213,Keyboard,PHILIPS,SPT6234,BC234S213431104,Working,NULL,4,111,isu-ilagan/ict-department/room-202/111/prf-213,11/28/2025 16:12,11/28/2025 16:12
214,PRF-214,Mouse,PHILIPS,SPT6234,BC234S213430693,Working,NULL,4,93,isu-ilagan/ict-department/room-202/93/prf-214,11/28/2025 16:12,11/28/2025 16:12
215,PRF-215,Mouse,A4TECH,OP-720,NULL,Working,NULL,4,112,isu-ilagan/ict-department/room-202/112/prf-215,11/28/2025 16:12,11/28/2025 16:12
216,PRF-216,Keyboard,PHILIPS,SPT6234,BC234S213431109,Working,NULL,4,112,isu-ilagan/ict-department/room-202/112/prf-216,11/28/2025 16:13,11/28/2025 16:13
217,PRF-217,Mouse,PHILIPS,SPT6234,BC234S213430685,Working,NULL,4,114,isu-ilagan/ict-department/room-202/114/prf-217,11/28/2025 16:13,11/28/2025 16:13
218,PRF-218,Keyboard,PHILIPS,SPT6234,BC234S213430698,Working,NULL,4,114,isu-ilagan/ict-department/room-202/114/prf-218,11/28/2025 16:13,11/28/2025 16:13
219,PRF-219,Mouse,PHILIPS,SPT6234,BC234S213431117,Working,NULL,4,115,isu-ilagan/ict-department/room-202/115/prf-219,11/28/2025 16:14,11/28/2025 16:14
220,PRF-220,Keyboard,PHILIPS,SPT6234,BC234S213431103,Working,NULL,4,115,isu-ilagan/ict-department/room-202/115/prf-220,11/28/2025 16:14,11/28/2025 16:14
221,PRF-221,Mouse,PHILIPS,SPT6234,BC234S213431109,Working,NULL,4,116,isu-ilagan/ict-department/room-202/116/prf-221,11/28/2025 16:14,11/28/2025 16:14
222,PRF-222,Keyboard,PHILIPS,SPT6234,BC234S213430691,Working,NULL,4,116,isu-ilagan/ict-department/room-202/116/prf-222,11/28/2025 16:15,11/28/2025 16:15
223,PRF-223,Mouse,PHILIPS,SPT6234,BC234S213431107,Working,NULL,4,117,isu-ilagan/ict-department/room-202/117/prf-223,11/28/2025 16:16,11/28/2025 16:16
224,PRF-224,Mouse,PHILIPS,SPT6234,BC234S213430681,Working,NULL,4,123,isu-ilagan/ict-department/room-202/123/prf-224,11/28/2025 16:16,11/28/2025 16:16
225,PRF-225,Keyboard,PHILIPS,SPT6234,BC234S213431120,Working,NULL,4,117,isu-ilagan/ict-department/room-202/117/prf-225,11/28/2025 16:16,11/28/2025 16:16
226,PRF-226,Keyboard,PHILIPS,SPT6234,BC234S213430681,Working,NULL,4,123,isu-ilagan/ict-department/room-202/123/prf-226,11/28/2025 16:16,11/28/2025 16:16
227,PRF-227,Mouse,PHILIPS,SPT6234,BC234S213430698,Working,NULL,4,118,isu-ilagan/ict-department/room-202/118/prf-227,11/28/2025 16:16,11/28/2025 16:16
228,PRF-228,Keyboard,PHILIPS,SPT6234,BC234S213430699,Working,NULL,4,118,isu-ilagan/ict-department/room-202/118/prf-228,11/28/2025 16:17,11/28/2025 16:17
229,PRF-229,Mouse,PHILIPS,SPT6234,BC234S213430683,Working,NULL,4,119,isu-ilagan/ict-department/room-202/119/prf-229,11/28/2025 16:17,11/28/2025 16:17
230,PRF-230,Keyboard,PHILIPS,SPT6234,BC234S213431108,Working,NULL,4,119,isu-ilagan/ict-department/room-202/119/prf-230,11/28/2025 16:17,11/28/2025 16:17
231,PRF-231,Mouse,PHILIPS,SPT6234,BC234S213431114,Working,NULL,4,120,isu-ilagan/ict-department/room-202/120/prf-231,11/28/2025 16:18,11/28/2025 16:18
232,PRF-232,Keyboard,PHILIPS,SPT6234,BC234S213430683,Working,NULL,4,120,isu-ilagan/ict-department/room-202/120/prf-232,11/28/2025 16:18,11/28/2025 16:18
233,PRF-233,Mouse,PHILIPS,SPT6234,BC234S213430691,Working,NULL,4,121,isu-ilagan/ict-department/room-202/121/prf-233,11/28/2025 16:19,11/28/2025 16:19
234,PRF-234,Keyboard,PHILIPS,SPT6234,BC234S213431117,Working,NULL,4,121,isu-ilagan/ict-department/room-202/121/prf-234,11/28/2025 16:20,11/28/2025 16:20
235,PRF-235,Keyboard,PHILIPS,SPT6234,BC234S213430690,Working,NULL,4,122,isu-ilagan/ict-department/room-202/122/prf-235,11/28/2025 16:21,11/28/2025 16:21
1,PRF-001,Mouse,A4TECH,OP-330,24SAN01,Working,NULL,6,1,isu-ilagan/ict-department/room-204/1/prf-001,11/22/2025 14:35,11/22/2025 14:35
2,PRF-002,Keyboard,INPLAY,NULL,NULL,Working,NULL,6,1,isu-ilagan/ict-department/room-204/1/prf-002,11/22/2025 14:36,11/22/2025 14:36
3,PRF-003,Mouse,A4TECH,OP-330,24SAN01,Working,NULL,6,2,isu-ilagan/ict-department/room-204/2/prf-003,11/22/2025 14:39,11/22/2025 14:39
4,PRF-004,Keyboard,A4TECH,KK-3,24SAN00,Working,NULL,6,2,isu-ilagan/ict-department/room-204/2/prf-004,11/22/2025 14:39,11/22/2025 14:39
5,PRF-005,Mouse,A4TECH,OP-330,24SER01,Not Working,"The Optical Sensor is not working, but the left and right click buttons still work",6,3,isu-ilagan/ict-department/room-204/3/prf-005,11/22/2025 14:48,11/22/2025 14:48
6,PRF-006,Keyboard,INPLAY,NULL,NULL,Working,NULL,6,3,isu-ilagan/ict-department/room-204/3/prf-006,11/22/2025 14:48,11/22/2025 14:48
7,PRF-007,Mouse,A4TECH,OP-330,24SER01,Working,NULL,6,4,isu-ilagan/ict-department/room-204/4/prf-007,11/22/2025 14:52,11/22/2025 14:52
8,PRF-008,Keyboard,INPLAY,NULL,NULL,Working,NULL,6,4,isu-ilagan/ict-department/room-204/4/prf-008,11/22/2025 14:52,11/22/2025 14:52
9,PRF-009,Mouse,A4TECH,OP-330,25SHI01,Working,NULL,6,5,isu-ilagan/ict-department/room-204/5/prf-009,11/22/2025 14:55,11/22/2025 14:55
10,PRF-010,Keyboard,INPLAY,NULL,NULL,Working,NULL,6,5,isu-ilagan/ict-department/room-204/5/prf-010,11/22/2025 14:56,11/22/2025 14:56
11,PRF-011,Keyboard,INPLAY,NULL,NULL,Working,NULL,6,6,isu-ilagan/ict-department/room-204/6/prf-011,11/22/2025 15:05,11/22/2025 15:05
12,PRF-012,Mouse,A4TECH,OP-330,24SAN01,Working,NULL,6,7,isu-ilagan/ict-department/room-204/7/prf-012,11/22/2025 15:09,11/22/2025 15:09
13,PRF-013,Keyboard,INPLAY,NULL,NULL,Working,NULL,6,7,isu-ilagan/ict-department/room-204/7/prf-013,11/22/2025 15:09,11/22/2025 15:09
14,PRF-014,Mouse,INPLAY,NULL,NULL,Working,NULL,6,8,isu-ilagan/ict-department/room-204/8/prf-014,11/22/2025 15:13,11/22/2025 15:13
15,PRF-015,Keyboard,A4TECH,KRS-3,24SER00,Working,NULL,6,8,isu-ilagan/ict-department/room-204/8/prf-015,11/22/2025 15:14,11/22/2025 15:14
16,PRF-016,Mouse,A4TECH,OP-330,24SAN01,Working,NULL,6,9,isu-ilagan/ict-department/room-204/9/prf-016,11/22/2025 15:17,11/22/2025 15:17
17,PRF-017,Keyboard,A4TECH,KRS-3,23SER00,Working,NULL,6,9,isu-ilagan/ict-department/room-204/9/prf-017,11/22/2025 15:17,11/22/2025 15:17
18,PRF-018,Mouse,INPLAY,NULL,NULL,Working,NULL,6,10,isu-ilagan/ict-department/room-204/10/prf-018,11/22/2025 15:21,11/22/2025 15:21
19,PRF-019,Keyboard,INPLAY,NULL,NULL,Working,NULL,6,10,isu-ilagan/ict-department/room-204/10/prf-019,11/22/2025 15:22,11/22/2025 15:22
20,PRF-020,Mouse,INPLAY,NULL,NULL,Working,NULL,6,11,isu-ilagan/ict-department/room-204/11/prf-020,11/22/2025 15:28,11/22/2025 15:28
21,PRF-021,Keyboard,LOGITECH,YU0042,2413MR07E468,Working,NULL,6,11,isu-ilagan/ict-department/room-204/11/prf-021,11/22/2025 15:29,11/22/2025 15:29
22,PRF-022,Mouse,NULL,M136,NULL,Working,NULL,6,12,isu-ilagan/ict-department/room-204/12/prf-022,11/22/2025 15:34,11/22/2025 15:34
23,PRF-023,Keyboard,INPLAY,NULL,NULL,Working,NULL,6,12,isu-ilagan/ict-department/room-204/12/prf-023,11/22/2025 15:35,11/22/2025 15:35
24,PRF-024,Mouse,INPLAY,NULL,NULL,Working,NULL,6,13,isu-ilagan/ict-department/room-204/13/prf-024,11/22/2025 15:35,11/22/2025 15:35
25,PRF-025,Keyboard,INPLAY,NULL,NULL,Working,NULL,6,13,isu-ilagan/ict-department/room-204/13/prf-025,11/22/2025 15:35,11/22/2025 15:35
26,PRF-026,Mouse,INPLAY,NULL,NULL,Working,NULL,6,14,isu-ilagan/ict-department/room-204/14/prf-026,11/22/2025 15:41,11/22/2025 15:41
27,PRF-027,Keyboard,A4TECH,KRS-85,NULL,Working,NULL,6,14,isu-ilagan/ict-department/room-204/14/prf-027,11/22/2025 15:42,11/22/2025 15:42
28,PRF-028,Mouse,A4TECH,OP-330,24SER01,Working,NULL,6,15,isu-ilagan/ict-department/room-204/15/prf-028,11/22/2025 15:42,11/22/2025 15:42
29,PRF-029,Keyboard,A4TECH,KRS-3,24SER00,Working,NULL,6,15,isu-ilagan/ict-department/room-204/15/prf-029,11/22/2025 15:42,11/22/2025 15:42
30,PRF-030,Mouse,INPLAY,NULL,NULL,Working,NULL,6,16,isu-ilagan/ict-department/room-204/16/prf-030,11/22/2025 15:45,11/22/2025 15:45
31,PRF-031,Keyboard,INPLAY,NULL,NULL,Working,NULL,6,16,isu-ilagan/ict-department/room-204/16/prf-031,11/22/2025 15:45,11/22/2025 15:45
32,PRF-032,Mouse,A4TECH,OP-330,23SER01,Working,NULL,6,17,isu-ilagan/ict-department/room-204/17/prf-032,11/22/2025 15:57,11/22/2025 15:58
33,PRF-033,Keyboard,A4TECH,KRS-3,24XYI00,Working,NULL,6,17,isu-ilagan/ict-department/room-204/17/prf-033,11/22/2025 15:58,11/22/2025 15:58
34,PRF-034,Mouse,INPLAY,NULL,NULL,Working,NULL,6,18,isu-ilagan/ict-department/room-204/18/prf-034,11/22/2025 15:59,11/22/2025 15:59
35,PRF-035,Keyboard,A4TECH,KRS-3,24SER00,Working,NULL,6,18,isu-ilagan/ict-department/room-204/18/prf-035,11/22/2025 15:59,11/22/2025 15:59
36,PRF-036,Mouse,DELUX,M136,NULL,Working,NULL,6,19,isu-ilagan/ict-department/room-204/19/prf-036,11/22/2025 15:59,11/22/2025 15:59
37,PRF-037,Keyboard,INPLAY,NULL,NULL,Working,NULL,6,19,isu-ilagan/ict-department/room-204/19/prf-037,11/22/2025 16:00,11/22/2025 16:00
38,PRF-038,Mouse,A4TECH,OP-330,23SER01,Working,NULL,6,20,isu-ilagan/ict-department/room-204/20/prf-038,11/22/2025 16:01,11/22/2025 16:01
39,PRF-039,Keyboard,INPLAY,NULL,NULL,Working,NULL,6,20,isu-ilagan/ict-department/room-204/20/prf-039,11/22/2025 16:01,11/22/2025 16:01
40,PRF-040,Mouse,A4TECH,OP-330,24SER01,Working,NULL,6,21,isu-ilagan/ict-department/room-204/21/prf-040,11/22/2025 16:01,11/22/2025 16:01
41,PRF-041,Keyboard,A4TECH,KK-3,24SAN00,Working,NULL,6,21,isu-ilagan/ict-department/room-204/21/prf-041,11/22/2025 16:02,11/22/2025 16:02
42,PRF-042,Mouse,INPLAY,NULL,NULL,Working,NULL,6,22,isu-ilagan/ict-department/room-204/22/prf-042,11/22/2025 16:02,11/22/2025 16:02
43,PRF-043,Keyboard,A4TECH,KRS-3,23SER00,Working,NULL,6,22,isu-ilagan/ict-department/room-204/22/prf-043,11/22/2025 16:03,11/22/2025 16:03
44,PRF-044,Mouse,A4TECH,OP-330,24XYI01,Working,NULL,6,23,isu-ilagan/ict-department/room-204/23/prf-044,11/22/2025 16:08,11/22/2025 16:08
45,PRF-045,Keyboard,INPLAY,NULL,NULL,Working,NULL,6,23,isu-ilagan/ict-department/room-204/23/prf-045,11/22/2025 16:09,11/22/2025 16:09
46,PRF-046,Mouse,INPLAY,NULL,NULL,Working,NULL,6,24,isu-ilagan/ict-department/room-204/24/prf-046,11/22/2025 16:09,11/22/2025 16:09
47,PRF-047,Keyboard,A4TECH,KRS-3,23SER00,Working,NULL,6,24,isu-ilagan/ict-department/room-204/24/prf-047,11/22/2025 16:09,11/22/2025 16:09
48,PRF-048,Mouse,INPLAY,NULL,NULL,Working,NULL,6,25,isu-ilagan/ict-department/room-204/25/prf-048,11/22/2025 16:09,11/22/2025 16:09
49,PRF-049,Keyboard,INPLAY,NULL,NULL,Working,NULL,6,25,isu-ilagan/ict-department/room-204/25/prf-049,11/22/2025 16:10,11/22/2025 16:10
50,PRF-050,Mouse,INPLAY,NULL,NULL,Working,NULL,6,26,isu-ilagan/ict-department/room-204/26/prf-050,11/22/2025 16:10,11/22/2025 16:10
51,PRF-051,Keyboard,INPLAY,NULL,NULL,Working,NULL,6,26,isu-ilagan/ict-department/room-204/26/prf-051,11/22/2025 16:10,11/22/2025 16:10
52,PRF-052,Mouse,INPLAY,NULL,NULL,Working,NULL,6,27,isu-ilagan/ict-department/room-204/27/prf-052,11/22/2025 16:10,11/22/2025 16:10
53,PRF-053,Keyboard,INPLAY,NULL,NULL,Working,NULL,6,27,isu-ilagan/ict-department/room-204/27/prf-053,11/22/2025 16:10,11/22/2025 16:10
54,PRF-054,Mouse,INPLAY,NULL,NULL,Working,NULL,6,28,isu-ilagan/ict-department/room-204/28/prf-054,11/22/2025 16:10,11/22/2025 16:10
55,PRF-055,Keyboard,INPLAY,NULL,NULL,Working,NULL,6,28,isu-ilagan/ict-department/room-204/28/prf-055,11/22/2025 16:10,11/22/2025 16:10
56,PRF-056,Mouse,INPLAY,NULL,NULL,Working,NULL,6,29,isu-ilagan/ict-department/room-204/29/prf-056,11/22/2025 16:16,11/22/2025 16:16
57,PRF-057,Keyboard,INPLAY,NULL,NULL,Working,NULL,6,29,isu-ilagan/ict-department/room-204/29/prf-057,11/22/2025 16:16,11/22/2025 16:16
58,PRF-058,Mouse,INPLAY,NULL,NULL,Working,NULL,6,30,isu-ilagan/ict-department/room-204/30/prf-058,11/22/2025 16:17,11/22/2025 16:17
59,PRF-059,Keyboard,A4TECH,KK-3,24SAN00,Working,NULL,6,30,isu-ilagan/ict-department/room-204/30/prf-059,11/22/2025 16:17,11/22/2025 16:17
60,PRF-060,Mouse,A4TECH,OP-330,24SER01,Working,NULL,6,31,isu-ilagan/ict-department/room-204/31/prf-060,11/22/2025 16:18,11/22/2025 16:18
61,PRF-061,Keyboard,A4TECH,KRS-3,23SER00,Working,NULL,6,31,isu-ilagan/ict-department/room-204/31/prf-061,11/22/2025 16:19,11/22/2025 16:19
62,PRF-062,Mouse,A4TECH,OP-330,24SAN01,Working,NULL,6,32,isu-ilagan/ict-department/room-204/32/prf-062,11/22/2025 16:19,11/22/2025 16:19
63,PRF-063,Keyboard,A4TECH,KRS-3,24XYI00,Working,NULL,6,32,isu-ilagan/ict-department/room-204/32/prf-063,11/22/2025 16:20,11/22/2025 16:20
64,PRF-064,Mouse,A4TECH,OP-330,23SER01,Working,NULL,6,33,isu-ilagan/ict-department/room-204/33/prf-064,11/22/2025 16:20,11/22/2025 16:20
65,PRF-065,Keyboard,A4TECH,KRS-3,24SER00,Working,NULL,6,33,isu-ilagan/ict-department/room-204/33/prf-065,11/22/2025 16:20,11/22/2025 16:20
66,PRF-066,Mouse,A4TECH,OP-330,23SER01,Working,NULL,6,34,isu-ilagan/ict-department/room-204/34/prf-066,11/22/2025 16:21,11/22/2025 16:21
67,PRF-067,Keyboard,DELUX,NULL,K60028E007851,Working,NULL,6,34,isu-ilagan/ict-department/room-204/34/prf-067,11/22/2025 16:22,11/22/2025 16:22
68,PRF-068,Mouse,INPLAY,NULL,NULL,Working,NULL,6,35,isu-ilagan/ict-department/room-204/35/prf-068,11/22/2025 16:30,11/22/2025 16:30
69,PRF-069,Keyboard,A4TECH,KRS-3,24SER00,Working,NULL,6,35,isu-ilagan/ict-department/room-204/35/prf-069,11/22/2025 16:31,11/22/2025 16:31
70,PRF-070,Mouse,INPLAY,NULL,NULL,Working,NULL,6,36,isu-ilagan/ict-department/room-204/36/prf-070,11/22/2025 16:31,11/22/2025 16:31
71,PRF-071,Keyboard,A4TECH,KRS-3,24SER00,Working,NULL,6,36,isu-ilagan/ict-department/room-204/36/prf-071,11/22/2025 16:32,11/22/2025 16:32
72,PRF-072,Mouse,A4TECH,OP-330,24SER01,Working,NULL,6,37,isu-ilagan/ict-department/room-204/37/prf-072,11/22/2025 16:32,11/22/2025 16:32
73,PRF-073,Keyboard,A4TECH,KK-3,24SAN00,Working,NULL,6,37,isu-ilagan/ict-department/room-204/37/prf-073,11/22/2025 16:33,11/22/2025 16:35
74,PRF-074,Mouse,INPLAY,NULL,NULL,Working,NULL,6,38,isu-ilagan/ict-department/room-204/38/prf-074,11/22/2025 16:33,11/22/2025 16:33
75,PRF-075,Mouse,INPLAY,NULL,NULL,Working,NULL,6,39,isu-ilagan/ict-department/room-204/39/prf-075,11/22/2025 16:33,11/22/2025 16:33
76,PRF-076,Keyboard,A4TECH,KRS-3,24SHI00,Working,NULL,6,38,isu-ilagan/ict-department/room-204/38/prf-076,11/22/2025 16:34,11/22/2025 16:36
77,PRF-077,Keyboard,A4TECH,KRS-3,24SAN00,Working,NULL,6,39,isu-ilagan/ict-department/room-204/39/prf-077,11/22/2025 16:34,11/22/2025 16:34
78,PRF-078,Mouse,A4TECH,OP-330,24XYI01,Working,NULL,6,40,isu-ilagan/ict-department/room-204/40/prf-078,11/22/2025 16:37,11/22/2025 16:37
79,PRF-079,Keyboard,A4TECH,KK-3,24SAN00,Working,NULL,6,40,isu-ilagan/ict-department/room-204/40/prf-079,11/22/2025 16:37,11/22/2025 16:37
