id,unit_code,unit_path,room_id,serial_number,operating_system,processor,ram,storage,gpu,motherboard,condition,mr_id,condition_details,created_at,updated_at
1,PC-01,isu-ilagan/ict-department/room-204/pc-01,6,N24H-X8M23110469,Windows 11 Pro,13th Gen Intel(R) Core(TM) i3-13100 (3.40 GHz),32.0 GB,477 GB,Intel(R) UHD Graphics 730 128MB,N/A,Working,2,NULL,11/22/2025 14:31,11/22/2025 14:31
2,PC-02,isu-ilagan/ict-department/room-204/pc-02,6,N24H-X8M23110597,Windows 11 Pro,13th Gen Intel(R) Core(TM) i3-13100 (3.40 GHz),32.0 GB,477 GB,Intel(R) UHD Graphics 730 128 MB,N/A,Working,2,NULL,11/22/2025 14:38,11/22/2025 14:38
3,PC-03,isu-ilagan/ict-department/room-204/pc-03,6,N24H-X8M23110553,Windows 11 Pro,13th Gen Intel(R) Core(TM) i3-13100 (3.40 GHz),32.0 GB,477 GB,Intel(R) UHD Graphics 730 128 MB,N/A,Working,2,NULL,11/22/2025 14:44,11/22/2025 14:44
4,PC-04,isu-ilagan/ict-department/room-204/pc-04,6,N24H-X8M23110511,Windows 11 Pro,13th Gen Intel(R) Core(TM) i3-13100 (3.40 GHz),32.0 GB,477 GB,Intel(R) UHD Graphics 730 128 MB,N/A,Working,2,NULL,11/22/2025 14:52,11/22/2025 14:52
5,PC-05,isu-ilagan/ict-department/room-204/pc-05,6,N24H-X8M23110600,Windows 11 Pro,13th Gen Intel(R) Core(TM) i3-13100 (3.40 GHz),32.0 GB,477 GB,Inte(R) UHD Graphics 730 128 MB,N/A,Working,2,NULL,11/22/2025 14:55,11/22/2025 14:55
6,PC-06,isu-ilagan/ict-department/room-204/pc-06,6,A244D0062812,Windows 11 Pro,13th Gen Intel(R) Core(TM) i3-13100 (3.40 GHz),32.0 GB,477 GB,Intel(R) UHD Graphics 730 128MB,N/A,Working,2,NULL,11/22/2025 15:04,11/22/2025 15:04
7,PC-07,isu-ilagan/ict-department/room-204/pc-07,6,N/A,Windows 11 Pro,13th Gen Intel(R) Core(TM) i3-13100 (3.40 GHz),32.0 GB,477 GB,Intel(R) UHD Graphics 730 128 MB,N/A,Working,2,NULL,11/22/2025 15:08,11/22/2025 15:08
8,PC-08,isu-ilagan/ict-department/room-204/pc-08,6,N/A,Windows 11 Pro,13th Gen Intel(R) Core(TM) i3-13100 (3.40 GHz),32.0 GB,477 GB,Intel(R) UHD Graphics 730 128 MB,N/A,Working,2,NULL,11/22/2025 15:13,11/22/2025 15:13
9,PC-09,isu-ilagan/ict-department/room-204/pc-09,6,N/A,Windows 11 Pro,13th Gen Intel(R) Core(TM) i3-13100 (3.40 GHz),32.0 GB,477 GB,Intel(R) UHD Graphics 730 128 MB,N/A,Not Working,2,The PC won't turn on even though it's plugged in,11/22/2025 15:15,11/22/2025 15:15
10,PC-10,isu-ilagan/ict-department/room-204/pc-10,6,N/A,Windows 11 Pro,13th Gen Intel(R) Core(TM) i3-13100 (3.40 GHz),32.0 GB,477 GB,Inte(R) UHD Graphics 730 128 MB,N/A,Working,2,NULL,11/22/2025 15:21,11/22/2025 15:21
11,PC-11,isu-ilagan/ict-department/room-204/pc-11,6,N24H-X8M23110514,Windows 11 Pro,13th Gen Intel(R) Core(TM) i3-13100 (3.40 GHz),32.0 GB,477 GB,Intel(R) UHD Graphics 730 128MB,N/A,Working,2,NULL,11/22/2025 15:28,11/22/2025 15:28
12,PC-12,isu-ilagan/ict-department/room-204/pc-12,6,N24H-X8M23110523,Windows 11 Pro,13th Gen Intel(R) Core(TM) i3-13100 (3.40 GHz),32.0 GB,477 GB,Intel(R) UHD Graphics 730 128 MB,N/A,Working,2,NULL,11/22/2025 15:33,11/22/2025 15:33
13,PC-13,isu-ilagan/ict-department/room-204/pc-13,6,N24H-X8M23110516,Windows 11 Pro,13th Gen Intel(R) Core(TM) i3-13100 (3.40 GHz),32.0 GB,477 GB,Intel(R) UHD Graphics 730 128 MB,N/A,Working,2,NULL,11/22/2025 15:34,11/22/2025 15:34
14,PC-14,isu-ilagan/ict-department/room-204/pc-14,6,N24H-X8M23110516,Windows 11 Pro,13th Gen Intel(R) Core(TM) i3-13100 (3.40 GHz),32.0 GB,477 GB,Intel(R) UHD Graphics 730 128 MB,N/A,Working,2,NULL,11/22/2025 15:40,11/22/2025 15:40
15,PC-15,isu-ilagan/ict-department/room-204/pc-15,6,N24H-X8M23110525,Windows 11 Pro,13th Gen Intel(R) Core(TM) i3-13100 (3.40 GHz),32.0 GB,477 GB,Inte(R) UHD Graphics 730 128 MB,N/A,Working,2,NULL,11/22/2025 15:41,11/22/2025 15:41
16,PC-16,isu-ilagan/ict-department/room-204/pc-16,6,N/A,Windows 11 Pro,13th Gen Intel(R) Core(TM) i3-13100 (3.40 GHz),32.0 GB,477 GB,Intel(R) UHD Graphics 730 128MB,N/A,Not Working,2,The PC won't turn on even though it has power,11/22/2025 15:45,11/22/2025 15:45
17,PC-17,isu-ilagan/ict-department/room-204/pc-17,6,N24H-X8M23110542,Windows 11 Pro,13th Gen Intel(R) Core(TM) i3-13100 (3.40 GHz),32.0 GB,477 GB,Intel(R) UHD Graphics 730 128 MB,N/A,Working,2,NULL,11/22/2025 15:50,11/22/2025 15:50
18,PC-18,isu-ilagan/ict-department/room-204/pc-18,6,N/A,Windows 11 Pro,13th Gen Intel(R) Core(TM) i3-13100 (3.40 GHz),32.0 GB,477 GB,Intel(R) UHD Graphics 730 128 MB,N/A,Working,2,NULL,11/22/2025 15:50,11/22/2025 15:50
19,PC-19,isu-ilagan/ict-department/room-204/pc-19,6,N/A,Windows 11 Pro,13th Gen Intel(R) Core(TM) i3-13100 (3.40 GHz),32.0 GB,477 GB,Intel(R) UHD Graphics 730 128 MB,N/A,Working,2,NULL,11/22/2025 15:51,11/22/2025 15:51
20,PC-20,isu-ilagan/ict-department/room-204/pc-20,6,N24H-X8M23110686,Windows 11 Pro,13th Gen Intel(R) Core(TM) i3-13100 (3.40 GHz),32.0 GB,477 GB,Inte(R) UHD Graphics 730 128 MB,N/A,Working,2,NULL,11/22/2025 15:52,11/22/2025 15:52
21,PC-21,isu-ilagan/ict-department/room-204/pc-21,6,N24H-X8M23110547,Windows 11 Pro,13th Gen Intel(R) Core(TM) i3-13100 (3.40 GHz),32.0 GB,477 GB,Intel(R) UHD Graphics 730 128MB,N/A,Working,2,NULL,11/22/2025 15:53,11/22/2025 15:53
22,PC-22,isu-ilagan/ict-department/room-204/pc-22,6,N/A,Windows 11 Pro,13th Gen Intel(R) Core(TM) i3-13100 (3.40 GHz),32.0 GB,477 GB,Intel(R) UHD Graphics 730 128 MB,N/A,Working,2,NULL,11/22/2025 15:53,11/22/2025 15:53
23,PC-23,isu-ilagan/ict-department/room-204/pc-23,6,N24H-X8M23110680,Windows 11 Pro,13th Gen Intel(R) Core(TM) i3-13100 (3.40 GHz),32.0 GB,477 GB,Intel(R) UHD Graphics 730 128 MB,N/A,Working,2,NULL,11/22/2025 16:05,11/22/2025 16:05
24,PC-24,isu-ilagan/ict-department/room-204/pc-24,6,N24H-X8M23110408,Windows 11 Pro,13th Gen Intel(R) Core(TM) i3-13100 (3.40 GHz),32.0 GB,477 GB,Intel(R) UHD Graphics 730 128 MB,N/A,Working,2,NULL,11/22/2025 16:06,11/22/2025 16:06
25,PC-25,isu-ilagan/ict-department/room-204/pc-25,6,N24H-X8M23110619,Windows 11 Pro,13th Gen Intel(R) Core(TM) i3-13100 (3.40 GHz),32.0 GB,477 GB,Inte(R) UHD Graphics 730 128 MB,N/A,Working,2,NULL,11/22/2025 16:06,11/22/2025 16:06
26,PC-26,isu-ilagan/ict-department/room-204/pc-26,6,N24H-X8M23110533,Windows 11 Pro,13th Gen Intel(R) Core(TM) i3-13100 (3.40 GHz),32.0 GB,477 GB,Intel(R) UHD Graphics 730 128MB,N/A,Working,2,NULL,11/22/2025 16:07,11/22/2025 16:07
27,PC-27,isu-ilagan/ict-department/room-204/pc-27,6,N24H-X8M23110607,Windows 11 Pro,13th Gen Intel(R) Core(TM) i3-13100 (3.40 GHz),32.0 GB,477 GB,Intel(R) UHD Graphics 730 128 MB,N/A,Working,2,NULL,11/22/2025 16:07,11/22/2025 16:07
28,PC-28,isu-ilagan/ict-department/room-204/pc-28,6,N24H-X8M23110536,Windows 11 Pro,13th Gen Intel(R) Core(TM) i3-13100 (3.40 GHz),32.0 GB,477 GB,Intel(R) UHD Graphics 730 128 MB,N/A,Working,2,NULL,11/22/2025 16:08,11/22/2025 16:08
29,PC-29,isu-ilagan/ict-department/room-204/pc-29,6,N24H-X8M23110513,Windows 11 Pro,13th Gen Intel(R) Core(TM) i3-13100 (3.40 GHz),32.0 GB,477 GB,Intel(R) UHD Graphics 730 128 MB,N/A,Working,2,NULL,11/22/2025 16:15,11/22/2025 16:15
30,PC-30,isu-ilagan/ict-department/room-204/pc-30,6,N24H-X8M23110530,Windows 11 Pro,13th Gen Intel(R) Core(TM) i3-13100 (3.40 GHz),32.0 GB,477 GB,Inte(R) UHD Graphics 730 128 MB,N/A,Working,2,NULL,11/22/2025 16:15,11/22/2025 16:15
31,PC-31,isu-ilagan/ict-department/room-204/pc-31,6,N24H-X8M23110411,Windows 11 Pro,13th Gen Intel(R) Core(TM) i3-13100 (3.40 GHz),32.0 GB,477 GB,Intel(R) UHD Graphics 730 128MB,N/A,Working,2,NULL,11/22/2025 16:15,11/22/2025 16:15
32,PC-32,isu-ilagan/ict-department/room-204/pc-32,6,N/A,Windows 11 Pro,13th Gen Intel(R) Core(TM) i3-13100 (3.40 GHz),32.0 GB,477 GB,Intel(R) UHD Graphics 730 128 MB,N/A,Working,2,NULL,11/22/2025 16:15,11/22/2025 16:15
33,PC-33,isu-ilagan/ict-department/room-204/pc-33,6,N/A,Windows 11 Pro,13th Gen Intel(R) Core(TM) i3-13100 (3.40 GHz),32.0 GB,477 GB,Intel(R) UHD Graphics 730 128 MB,N/A,Working,2,NULL,11/22/2025 16:15,11/22/2025 16:15
34,PC-34,isu-ilagan/ict-department/room-204/pc-34,6,N/A,Windows 11 Pro,13th Gen Intel(R) Core(TM) i3-13100 (3.40 GHz),32.0 GB,477 GB,Intel(R) UHD Graphics 730 128 MB,N/A,Working,2,NULL,11/22/2025 16:15,11/22/2025 16:15
35,PC-35,isu-ilagan/ict-department/room-204/pc-35,6,N/A,Windows 11 Pro,13th Gen Intel(R) Core(TM) i3-13100 (3.40 GHz),32.0 GB,477 GB,Inte(R) UHD Graphics 730 128 MB,N/A,Working,2,NULL,11/22/2025 16:29,11/22/2025 16:29
36,PC-36,isu-ilagan/ict-department/room-204/pc-36,6,N/A,Windows 11 Pro,13th Gen Intel(R) Core(TM) i3-13100 (3.40 GHz),32.0 GB,477 GB,Intel(R) UHD Graphics 730 128MB,N/A,Working,2,NULL,11/22/2025 16:29,11/22/2025 16:29
37,PC-37,isu-ilagan/ict-department/room-204/pc-37,6,N/A,Windows 11 Pro,13th Gen Intel(R) Core(TM) i3-13100 (3.40 GHz),32.0 GB,477 GB,Intel(R) UHD Graphics 730 128 MB,N/A,Working,2,NULL,11/22/2025 16:29,11/22/2025 16:29
38,PC-38,isu-ilagan/ict-department/room-204/pc-38,6,N/A,Windows 11 Pro,13th Gen Intel(R) Core(TM) i3-13100 (3.40 GHz),32.0 GB,477 GB,Intel(R) UHD Graphics 730 128 MB,N/A,Working,2,NULL,11/22/2025 16:30,11/22/2025 16:30
39,PC-39,isu-ilagan/ict-department/room-204/pc-39,6,N/A,Windows 11 Pro,13th Gen Intel(R) Core(TM) i3-13100 (3.40 GHz),32.0 GB,477 GB,Intel(R) UHD Graphics 730 128 MB,N/A,Working,2,NULL,11/22/2025 16:30,11/22/2025 16:30
40,PC-40,isu-ilagan/ict-department/room-204/pc-40,6,N/A,Windows 11 Pro,13th Gen Intel(R) Core(TM) i3-13100 (3.40 GHz),32.0 GB,477 GB,Inte(R) UHD Graphics 730 128 MB,N/A,Working,2,NULL,11/22/2025 16:30,11/22/2025 16:30
41,PC-01,isu-ilagan/ict-department/room-201/pc-01,3,CW24H610D2411060191,Windows 11 Pro,13th Gen Intel(R) Core(TM) i3-13100 (3.40 GHz),32.0 GB,477 GB,Intel(R) UHD Graphics 730 128MB,N/A,Working,9,NULL,11/25/2025 14:37,11/25/2025 14:37
42,PC-04,isu-ilagan/ict-department/room-201/pc-04,3,CW24H610D2411060109,Windows 11 Pro,13th Gen Intel(R) Core(TM) i3-13100 (3.40 GHz),32.0 GB,477 GB,Intel(R) UHD Graphics 730 128 MB,N/A,Working,9,NULL,11/25/2025 14:38,11/25/2025 14:38
43,PC-05,isu-ilagan/ict-department/room-201/pc-05,3,CW24H610D2411060229,Windows 11 Pro,13th Gen Intel(R) Core(TM) i3-13100 (3.40 GHz),32.0 GB,477 GB,Intel(R) UHD Graphics 730 128 MB,N/A,Working,9,NULL,11/25/2025 14:40,11/25/2025 14:40
44,PC-02,isu-ilagan/ict-department/room-201/pc-02,3,CW24H610D2411060236,Windows 11 Pro,13th Gen Intel(R) Core(TM) i3-13100 (3.40 GHz),32.0 GB,477 GB,Intel(R) UHD Graphics 730 128 MB,N/A,Working,9,NULL,11/25/2025 14:41,11/25/2025 14:41
45,PC-06,isu-ilagan/ict-department/room-201/pc-06,3,CW24H610D2411060254,Windows 11 Pro,13th Gen Intel(R) Core(TM) i3-13100 (3.40 GHz),32.0 GB,477 GB,Inte(R) UHD Graphics 730 128 MB,N/A,Working,9,NULL,11/25/2025 14:42,11/25/2025 14:42
46,PC-07,isu-ilagan/ict-department/room-201/pc-07,3,CW24H610D2411060110,Windows 11 Pro,13th Gen Intel(R) Core(TM) i3-13100 (3.40 GHz),32.0 GB,477 GB,Intel(R) UHD Graphics 730 128MB,N/A,Working,9,NULL,11/25/2025 14:42,11/25/2025 14:42
47,PC-08,isu-ilagan/ict-department/room-201/pc-08,3,CW24H610D2411060197,Windows 11 Pro,13th Gen Intel(R) Core(TM) i3-13100 (3.40 GHz),32.0 GB,477 GB,Intel(R) UHD Graphics 730 128 MB,N/A,Working,9,NULL,11/25/2025 14:43,11/25/2025 14:43
48,PC-09,isu-ilagan/ict-department/room-201/pc-09,3,CW24H610D2411060252,Windows 11 Pro,13th Gen Intel(R) Core(TM) i3-13100 (3.40 GHz),32.0 GB,477 GB,Intel(R) UHD Graphics 730 128 MB,N/A,Working,9,NULL,11/25/2025 14:45,11/25/2025 14:45
49,PC-10,isu-ilagan/ict-department/room-201/pc-10,3,CW24H610D2411060262,Windows 11 Pro,13th Gen Intel(R) Core(TM) i3-13100 (3.40 GHz),32.0 GB,477 GB,Intel(R) UHD Graphics 730 128 MB,N/A,Working,9,NULL,11/25/2025 14:45,11/25/2025 14:45
50,PC-03,isu-ilagan/ict-department/room-201/pc-03,3,CW24H610D2411060230,Windows 11 Pro,13th Gen Intel(R) Core(TM) i3-13100 (3.40 GHz),32.0 GB,477 GB,Inte(R) UHD Graphics 730 128 MB,N/A,Working,9,NULL,11/25/2025 14:45,11/25/2025 14:45
51,PC-11,isu-ilagan/ict-department/room-201/pc-11,3,CW24H610D2411060009,Windows 11 Pro,13th Gen Intel(R) Core(TM) i3-13100 (3.40 GHz),32.0 GB,477 GB,Intel(R) UHD Graphics 730 128MB,N/A,Working,9,NULL,11/25/2025 14:46,11/25/2025 14:46
52,PC-15,isu-ilagan/ict-department/room-201/pc-15,3,CW24H610D2411060295,Windows 11 Pro,13th Gen Intel(R) Core(TM) i3-13100 (3.40 GHz),32.0 GB,477 GB,Intel(R) UHD Graphics 730 128 MB,N/A,Working,9,NULL,11/25/2025 14:48,11/25/2025 14:48
53,PC-16,isu-ilagan/ict-department/room-201/pc-16,3,CW24H610D2411060017,Windows 11 Pro,13th Gen Intel(R) Core(TM) i3-13100 (3.40 GHz),32.0 GB,477 GB,Intel(R) UHD Graphics 730 128 MB,N/A,Working,9,NULL,11/25/2025 14:48,11/25/2025 14:48
54,PC-17,isu-ilagan/ict-department/room-201/pc-17,3,CW24H610D2411060053,Windows 11 Pro,13th Gen Intel(R) Core(TM) i3-13100 (3.40 GHz),32.0 GB,477 GB,Intel(R) UHD Graphics 730 128 MB,N/A,Working,9,NULL,11/25/2025 14:48,11/25/2025 14:48
55,PC-12,isu-ilagan/ict-department/room-201/pc-12,3,CW24H610D2411060059,Windows 11 Pro,13th Gen Intel(R) Core(TM) i3-13100 (3.40 GHz),32.0 GB,477 GB,Inte(R) UHD Graphics 730 128 MB,N/A,Working,9,NULL,11/25/2025 14:49,11/25/2025 14:49
56,PC-13,isu-ilagan/ict-department/room-201/pc-13,3,CW24H610D2411060066,Windows 11 Pro,13th Gen Intel(R) Core(TM) i3-13100 (3.40 GHz),32.0 GB,477 GB,Intel(R) UHD Graphics 730 128MB,N/A,Working,9,NULL,11/25/2025 14:51,11/25/2025 14:51
57,PC-18,isu-ilagan/ict-department/room-201/pc-18,3,CW24H610D2411060235,Windows 11 Pro,13th Gen Intel(R) Core(TM) i3-13100 (3.40 GHz),32.0 GB,477 GB,Intel(R) UHD Graphics 730 128 MB,N/A,Working,9,NULL,11/25/2025 14:52,11/25/2025 14:52
58,PC-14,isu-ilagan/ict-department/room-201/pc-14,3,CW24H610D2411060240,Windows 11 Pro,13th Gen Intel(R) Core(TM) i3-13100 (3.40 GHz),32.0 GB,477 GB,Intel(R) UHD Graphics 730 128 MB,N/A,Working,9,NULL,11/25/2025 14:53,11/25/2025 14:53
59,PC-19,isu-ilagan/ict-department/room-201/pc-19,3,CW24H610D2411060294,Windows 11 Pro,13th Gen Intel(R) Core(TM) i3-13100 (3.40 GHz),32.0 GB,477 GB,Intel(R) UHD Graphics 730 128 MB,N/A,Working,9,NULL,11/25/2025 14:56,11/25/2025 14:56
60,PC-20,isu-ilagan/ict-department/room-201/pc-20,3,CW24H610D2411060077,Windows 11 Pro,13th Gen Intel(R) Core(TM) i3-13100 (3.40 GHz),32.0 GB,477 GB,Inte(R) UHD Graphics 730 128 MB,N/A,Working,9,NULL,11/25/2025 14:56,11/25/2025 14:56
61,PC-21,isu-ilagan/ict-department/room-201/pc-21,3,CW24H610D2411060078,Windows 11 Pro,13th Gen Intel(R) Core(TM) i3-13100 (3.40 GHz),32.0 GB,477 GB,Intel(R) UHD Graphics 730 128MB,N/A,Working,9,NULL,11/25/2025 14:56,11/25/2025 14:56
62,PC-22,isu-ilagan/ict-department/room-201/pc-22,3,CW24H610D2411060233,Windows 11 Pro,13th Gen Intel(R) Core(TM) i3-13100 (3.40 GHz),32.0 GB,477 GB,Intel(R) UHD Graphics 730 128 MB,N/A,Working,9,NULL,11/25/2025 14:56,11/25/2025 14:56
63,PC-24,isu-ilagan/ict-department/room-201/pc-24,3,CW24H610D2411060120,Windows 11 Pro,13th Gen Intel(R) Core(TM) i3-13100 (3.40 GHz),32.0 GB,477 GB,Intel(R) UHD Graphics 730 128 MB,N/A,Working,9,NULL,11/25/2025 14:57,11/25/2025 14:57
64,PC-23,isu-ilagan/ict-department/room-201/pc-23,3,CW24H610D2411060235,Windows 11 Pro,13th Gen Intel(R) Core(TM) i3-13100 (3.40 GHz),32.0 GB,477 GB,Intel(R) UHD Graphics 730 128 MB,N/A,Working,9,NULL,11/25/2025 14:57,11/25/2025 14:57
65,PC-25,isu-ilagan/ict-department/room-201/pc-25,3,CW24H610D2411060095,Windows 11 Pro,13th Gen Intel(R) Core(TM) i3-13100 (3.40 GHz),32.0 GB,477 GB,Intel(R) UHD Graphics 730 128 MB,N/A,Working,9,NULL,11/25/2025 15:05,11/25/2025 15:05
66,PC-26,isu-ilagan/ict-department/room-201/pc-26,3,CW24H610D2411060091,Windows 11 Pro,13th Gen Intel(R) Core(TM) i3-13100 (3.40 GHz),32.0 GB,477 GB,Intel(R) UHD Graphics 730 128MB,N/A,Working,9,NULL,11/25/2025 15:06,11/25/2025 15:06
67,PC-27,isu-ilagan/ict-department/room-201/pc-27,3,CW24H610D2411060231,Windows 11 Pro,13th Gen Intel(R) Core(TM) i3-13100 (3.40 GHz),32.0 GB,477 GB,Intel(R) UHD Graphics 730 128 MB,N/A,Working,9,NULL,11/25/2025 15:06,11/25/2025 15:06
68,PC-28,isu-ilagan/ict-department/room-201/pc-28,3,CW24H610D2411060062,Windows 11 Pro,13th Gen Intel(R) Core(TM) i3-13100 (3.40 GHz),32.0 GB,477 GB,Intel(R) UHD Graphics 730 128 MB,N/A,Working,9,NULL,11/25/2025 15:06,11/25/2025 15:06
69,PC-29,isu-ilagan/ict-department/room-201/pc-29,3,CW24H610D2411060055,Windows 11 Pro,13th Gen Intel(R) Core(TM) i3-13100 (3.40 GHz),32.0 GB,477 GB,Intel(R) UHD Graphics 730 128 MB,N/A,Working,9,NULL,11/25/2025 15:06,11/25/2025 15:06
70,PC-31,isu-ilagan/ict-department/room-201/pc-31,3,N/A,Windows 11 Pro,Intel(R) Core(TM) i3-8100 CPU  3.60 GHz,8.0 GB,466 GB,Microsoft Basic Display Adapter,N/A,Working,9,NULL,11/25/2025 15:10,11/25/2025 15:10
71,PC-30,isu-ilagan/ict-department/room-201/pc-30,3,N/A,Windows 11 Pro,Intel(R) Core(TM) i3-8100 CPU  3.60 GHz,8.0 GB,466 GB,Microsoft Basic Display Adapter,N/A,Working,9,NULL,11/25/2025 15:12,11/25/2025 15:12
72,PC-32,isu-ilagan/ict-department/room-201/pc-32,3,N/A,Windows 11 Pro,Intel(R) Core(TM) i3-8100 CPU  3.60 GHz,8.0 GB,466 GB,Microsoft Basic Display Adapter,N/A,Working,9,NULL,11/25/2025 15:13,11/25/2025 15:13
73,PC-33,isu-ilagan/ict-department/room-201/pc-33,3,N/A,Windows 11 Pro,Intel(R) Core(TM) i3-8100 CPU  3.60 GHz,8.0 GB,466 GB,Microsoft Basic Display Adapter,N/A,Working,9,NULL,11/25/2025 15:14,11/25/2025 15:14
74,PC-34,isu-ilagan/ict-department/room-201/pc-34,3,N/A,Windows 11 Pro,Intel(R) Core(TM) i3-8100 CPU  3.60 GHz,8.0 GB,466 GB,Microsoft Basic Display Adapter,N/A,Working,9,NULL,11/25/2025 15:14,11/25/2025 15:14
75,PC-35,isu-ilagan/ict-department/room-201/pc-35,3,N/A,Windows 11 Pro,Intel(R) Core(TM) i3-8100 CPU  3.60 GHz,8.0 GB,466 GB,Microsoft Basic Display Adapter,N/A,Working,9,NULL,11/25/2025 15:23,11/25/2025 15:23
76,PC-36,isu-ilagan/ict-department/room-201/pc-36,3,N/A,Windows 11 Pro,Intel(R) Core(TM) i3-8100 CPU  3.60 GHz,8.0 GB,466 GB,Microsoft Basic Display Adapter,N/A,Working,9,NULL,11/25/2025 15:23,11/25/2025 15:23
77,PC-37,isu-ilagan/ict-department/room-201/pc-37,3,N/A,Windows 11 Pro,Intel(R) Core(TM) i3-8100 CPU  3.60 GHz,8.0 GB,466 GB,Microsoft Basic Display Adapter,N/A,Working,9,NULL,11/25/2025 15:23,11/25/2025 15:23
78,PC-38,isu-ilagan/ict-department/room-201/pc-38,3,N/A,Windows 11 Pro,Intel(R) Core(TM) i3-8100 CPU  3.60 GHz,8.0 GB,466 GB,Microsoft Basic Display Adapter,N/A,Working,9,NULL,11/25/2025 15:23,11/25/2025 15:23
81,PC-01,isu-ilagan/ict-department/room-202/pc-01,4,X6H510V2SW220420HKVTB895,Windows 11 Pro,Intel(R) Core(TM) i3-10100 CPU @ 3.60GHz,8.0 GB,238 GB,Intel(R) UHD Graphics 630 128 MB,N/A,Working,6,NULL,11/28/2025 14:35,11/28/2025 14:35
82,PC-02,isu-ilagan/ict-department/room-202/pc-02,4,X6H510V2SW220401HKVTC095,Windows 11 Pro,Intel(R) Core(TM) i3-10100 CPU @ 3.60GHz,8.0 GB,238 GB,Intel(R) UHD Graphics 630 128 MB,N/A,Working,6,NULL,11/28/2025 14:35,11/28/2025 14:35
83,PC-03,isu-ilagan/ict-department/room-202/pc-03,4,X6H510V2SW220420HKVTB900,Windows 11 Pro,Intel(R) Core(TM) i3-10100 CPU @ 3.60GHz,8.0 GB,238 GB,Intel(R) UHD Graphics 630 128 MB,N/A,Working,6,NULL,11/28/2025 14:36,11/28/2025 14:36
84,PC-04,isu-ilagan/ict-department/room-202/pc-04,4,X6H510V2SW220420HKVTC564,Windows 11 Pro,Intel(R) Core(TM) i3-10100 CPU @ 3.60GHz,8.0 GB,238 GB,Intel(R) UHD Graphics 630 128 MB,N/A,Working,6,NULL,11/28/2025 14:44,11/28/2025 14:44
85,PC-05,isu-ilagan/ict-department/room-202/pc-05,4,X6H510V2SW220420HKVTB929,Windows 11 Pro,Intel(R) Core(TM) i3-10100 CPU @ 3.60GHz,8.0 GB,238 GB,Intel(R) UHD Graphics 630 128 MB,N/A,Working,6,NULL,11/28/2025 14:45,11/28/2025 14:45
86,PC-06,isu-ilagan/ict-department/room-202/pc-06,4,X6H510V2SW220420HKVTC565,Windows 11 Pro,Intel(R) Core(TM) i3-10100 CPU @ 3.60GHz,8.0 GB,238 GB,Intel(R) UHD Graphics 630 128 MB,N/A,Working,6,NULL,11/28/2025 14:47,11/28/2025 14:47
87,PC-07,isu-ilagan/ict-department/room-202/pc-07,4,X6H510V2SW220420HKVTC551,Windows 11 Pro,Intel(R) Core(TM) i3-10100 CPU @ 3.60GHz,8.0 GB,238 GB,Intel(R) UHD Graphics 630 128 MB,N/A,Working,6,NULL,11/28/2025 14:47,11/28/2025 14:47
88,PC-08,isu-ilagan/ict-department/room-202/pc-08,4,X6H510V2SW220420HKVTC581,Windows 11 Pro,Intel(R) Core(TM) i3-10100 CPU @ 3.60GHz,8.0 GB,238 GB,Intel(R) UHD Graphics 630 128 MB,N/A,Working,6,NULL,11/28/2025 15:01,11/28/2025 15:01
89,PC-09,isu-ilagan/ict-department/room-202/pc-09,4,X6H510V2SW220420HKVTB910,Windows 11 Pro,Intel(R) Core(TM) i3-10100 CPU @ 3.60GHz,8.0 GB,238 GB,Intel(R) UHD Graphics 630 128 MB,N/A,Working,6,NULL,11/28/2025 15:04,11/28/2025 15:04
90,PC-10,isu-ilagan/ict-department/room-202/pc-10,4,X6H510V2SW220420HKVTC094,Windows 11 Pro,Intel(R) Core(TM) i3-10100 CPU @ 3.60GHz,8.0 GB,238 GB,Intel(R) UHD Graphics 630 128 MB,N/A,Working,6,NULL,11/28/2025 15:06,11/28/2025 15:06
91,PC-11,isu-ilagan/ict-department/room-202/pc-11,4,X6H510V2SW220420HKVTB894,Windows 11 Pro,Intel(R) Core(TM) i3-10100 CPU @ 3.60GHz,8.0 GB,238 GB,Intel(R) UHD Graphics 630 128 MB,N/A,Working,6,NULL,11/28/2025 15:07,11/28/2025 15:07
92,PC-12,isu-ilagan/ict-department/room-202/pc-12,4,X6H510V2SW220420HKVTC552,Windows 11 Pro,Intel(R) Core(TM) i3-10100 CPU @ 3.60GHz,8.0 GB,238 GB,Intel(R) UHD Graphics 630 128 MB,N/A,Working,6,NULL,11/28/2025 15:08,11/28/2025 15:08
93,PC-19,isu-ilagan/ict-department/room-202/pc-19,4,X6H510V2SW220420HKVTB911,Windows 11 Pro,Intel(R) Core(TM) i3-10100 CPU @ 3.60GHz,8.0 GB,238 GB,Intel(R) UHD Graphics 630 128 MB,N/A,Working,6,NULL,11/28/2025 15:14,11/28/2025 15:14
94,PC-20,isu-ilagan/ict-department/room-202/pc-20,4,X6H510V2SW220420HKVTC569,Windows 11 Pro,Intel(R) Core(TM) i3-10100 CPU @ 3.60GHz,8.0 GB,238 GB,Intel(R) UHD Graphics 630 128 MB,N/A,Working,6,NULL,11/28/2025 15:14,11/28/2025 15:14
95,PC-21,isu-ilagan/ict-department/room-202/pc-21,4,X6H510V2SW220420HKVTB909,Windows 11 Pro,Intel(R) Core(TM) i3-10100 CPU @ 3.60GHz,8.0 GB,238 GB,Intel(R) UHD Graphics 630 128 MB,N/A,Working,6,NULL,11/28/2025 15:15,11/28/2025 15:15
96,PC-22,isu-ilagan/ict-department/room-202/pc-22,4,X6H510V2SW220420HKVTC480,Windows 11 Pro,Intel(R) Core(TM) i3-10100 CPU @ 3.60GHz,8.0 GB,238 GB,Intel(R) UHD Graphics 630 128 MB,N/A,Working,6,NULL,11/28/2025 15:15,11/28/2025 15:15
98,PC-24,isu-ilagan/ict-department/room-202/pc-24,4,X6H510V2SW220420HKVTB899,Windows 11 Pro,Intel(R) Core(TM) i3-10100 CPU @ 3.60GHz,8.0 GB,238 GB,Intel(R) UHD Graphics 630 128 MB,N/A,Working,6,NULL,11/28/2025 15:16,11/28/2025 15:16
99,PC-23,isu-ilagan/ict-department/room-202/pc-23,4,X6H510V2SW220420HKVTC582,Windows 11 Pro,Intel(R) Core(TM) i3-10100 CPU @ 3.60GHz,8.0 GB,238 GB,Intel(R) UHD Graphics 630 128 MB,N/A,Working,6,NULL,11/28/2025 15:17,11/28/2025 15:17
100,PC-13,isu-ilagan/ict-department/room-202/pc-13,4,X6H510V2SW220420HKVTC566,Windows 11 Pro,Intel(R) Core(TM) i3-10100 CPU @ 3.60GHz,8.0 GB,238 GB,Intel(R) UHD Graphics 630 128 MB,N/A,Working,6,NULL,11/28/2025 15:18,11/28/2025 15:18
101,PC-14,isu-ilagan/ict-department/room-202/pc-14,4,X6H510V2SW220420HKVTB893,Windows 11 Pro,Intel(R) Core(TM) i3-10100 CPU @ 3.60GHz,8.0 GB,238 GB,Intel(R) UHD Graphics 630 128 MB,N/A,Working,6,NULL,11/28/2025 15:19,11/28/2025 15:19
103,PC-15,isu-ilagan/ict-department/room-202/pc-15,4,X6H510V2SW220420HKVTB896,Windows 11 Pro,Intel(R) Core(TM) i3-10100 CPU @ 3.60GHz,8.0 GB,238 GB,Intel(R) UHD Graphics 630 128 MB,N/A,Working,6,NULL,11/28/2025 15:20,11/28/2025 15:20
104,PC-16,isu-ilagan/ict-department/room-202/pc-16,4,X6H510V2SW220420HKVTB917,Windows 11 Pro,Intel(R) Core(TM) i3-10100 CPU @ 3.60GHz,8.0 GB,238 GB,Intel(R) UHD Graphics 630 128 MB,N/A,Working,6,NULL,11/28/2025 15:21,11/28/2025 15:21
105,PC-17,isu-ilagan/ict-department/room-202/pc-17,4,X6H510V2SW220420HKVTB918,Windows 11 Pro,Intel(R) Core(TM) i3-10100 CPU @ 3.60GHz,8.0 GB,238 GB,Intel(R) UHD Graphics 630 128 MB,N/A,Working,6,NULL,11/28/2025 15:22,11/28/2025 15:22
106,PC-18,isu-ilagan/ict-department/room-202/pc-18,4,X6H510V2SW220420HKVTB925,Windows 11 Pro,Intel(R) Core(TM) i3-10100 CPU @ 3.60GHz,8.0 GB,238 GB,Intel(R) UHD Graphics 630 128 MB,N/A,Working,6,NULL,11/28/2025 15:22,11/28/2025 15:22
107,PC-25,isu-ilagan/ict-department/room-202/pc-25,4,X6H510V2SW220420HKVTB930,Windows 11 Pro,Intel(R) Core(TM) i3-10100 CPU @ 3.60GHz,8.0 GB,238 GB,Intel(R) UHD Graphics 630 128 MB,N/A,Working,6,NULL,11/28/2025 15:24,11/28/2025 15:24
108,PC-26,isu-ilagan/ict-department/room-202/pc-26,4,X6H510V2SW220420HKVTB923,Windows 11 Pro,Intel(R) Core(TM) i3-10100 CPU @ 3.60GHz,8.0 GB,238 GB,Intel(R) UHD Graphics 630 128 MB,N/A,Working,6,NULL,11/28/2025 15:25,11/28/2025 15:25
109,PC-27,isu-ilagan/ict-department/room-202/pc-27,4,X6H510V2SW220420HKVTC570,Windows 11 Pro,Intel(R) Core(TM) i3-10100 CPU @ 3.60GHz,8.0 GB,238 GB,Intel(R) UHD Graphics 630 128 MB,N/A,Working,6,NULL,11/28/2025 15:25,11/28/2025 15:25
110,PC-28,isu-ilagan/ict-department/room-202/pc-28,4,X6H510V2SW220420HKVTB916,Windows 11 Pro,Intel(R) Core(TM) i3-10100 CPU @ 3.60GHz,8.0 GB,238 GB,Intel(R) UHD Graphics 630 128 MB,N/A,Working,6,NULL,11/28/2025 15:25,11/28/2025 15:25
111,PC-29,isu-ilagan/ict-department/room-202/pc-29,4,X6H510V2SW220420HKVTB907,Windows 11 Pro,Intel(R) Core(TM) i3-10100 CPU @ 3.60GHz,8.0 GB,238 GB,Intel(R) UHD Graphics 630 128 MB,N/A,Working,6,NULL,11/28/2025 15:26,11/28/2025 15:26
112,PC-30,isu-ilagan/ict-department/room-202/pc-30,4,X6H510V2SW220420HKVTB924,Windows 11 Pro,Intel(R) Core(TM) i3-10100 CPU @ 3.60GHz,8.0 GB,238 GB,Intel(R) UHD Graphics 630 128 MB,N/A,Working,6,NULL,11/28/2025 15:26,11/28/2025 15:26
114,PC-31,isu-ilagan/ict-department/room-202/pc-31,4,X6H510V2SW220420HKVTB908,Windows 11 Pro,Intel(R) Core(TM) i3-10100 CPU @ 3.60GHz,8.0 GB,238 GB,Intel(R) UHD Graphics 630 128 MB,N/A,Working,6,NULL,11/28/2025 15:40,11/28/2025 15:40
115,PC-32,isu-ilagan/ict-department/room-202/pc-32,4,X6H510V2SW220420HKVTB926,Windows 11 Pro,Intel(R) Core(TM) i3-10100 CPU @ 3.60GHz,8.0 GB,238 GB,Intel(R) UHD Graphics 630 128 MB,N/A,Working,6,NULL,11/28/2025 15:40,11/28/2025 15:40
116,PC-33,isu-ilagan/ict-department/room-202/pc-33,4,X6H510V2SW220420HKVTC550,Windows 11 Pro,Intel(R) Core(TM) i3-10100 CPU @ 3.60GHz,8.0 GB,238 GB,Intel(R) UHD Graphics 630 128 MB,N/A,Working,6,NULL,11/28/2025 15:43,11/28/2025 15:43
117,PC-34,isu-ilagan/ict-department/room-202/pc-34,4,X6H510V2SW220420HKVTB915,Windows 11 Pro,Intel(R) Core(TM) i3-10100 CPU @ 3.60GHz,8.0 GB,238 GB,Intel(R) UHD Graphics 630 128 MB,N/A,Working,6,NULL,11/28/2025 15:43,11/28/2025 15:43
118,PC-35,isu-ilagan/ict-department/room-202/pc-35,4,X6H510V2SW220420HKVTC521,Windows 11 Pro,Intel(R) Core(TM) i3-10100 CPU @ 3.60GHz,8.0 GB,238 GB,Intel(R) UHD Graphics 630 128 MB,N/A,Working,6,NULL,11/28/2025 15:43,11/28/2025 15:43
119,PC-36,isu-ilagan/ict-department/room-202/pc-36,4,X6H510V2SW220420HKVTC567,Windows 11 Pro,Intel(R) Core(TM) i3-10100 CPU @ 3.60GHz,8.0 GB,238 GB,Intel(R) UHD Graphics 630 128 MB,N/A,Working,6,NULL,11/28/2025 15:44,11/28/2025 15:44
120,PC-37,isu-ilagan/ict-department/room-202/pc-37,4,X6H510V2SW220420HKVTB927,Windows 11 Pro,Intel(R) Core(TM) i3-10100 CPU @ 3.60GHz,8.0 GB,238 GB,Intel(R) UHD Graphics 630 128 MB,N/A,Working,6,NULL,11/28/2025 15:44,11/28/2025 15:44
121,PC-38,isu-ilagan/ict-department/room-202/pc-38,4,X6H510V2SW220420HKVTB811,Windows 11 Pro,Intel(R) Core(TM) i3-10100 CPU @ 3.60GHz,8.0 GB,238 GB,Intel(R) UHD Graphics 630 128 MB,N/A,Working,6,NULL,11/28/2025 15:44,11/28/2025 15:44
122,PC-39,isu-ilagan/ict-department/room-202/pc-39,4,X6H510V2SW220420HKVTC520,Windows 11 Pro,Intel(R) Core(TM) i3-10100 CPU @ 3.60GHz,8.0 GB,238 GB,Intel(R) UHD Graphics 630 128 MB,N/A,Working,6,NULL,11/28/2025 15:44,11/28/2025 15:44
123,PC-40,isu-ilagan/ict-department/room-202/pc-40,4,X6H510V2SW220420HKVTB928,Windows 11 Pro,Intel(R) Core(TM) i3-10100 CPU @ 3.60GHz,8.0 GB,238 GB,Intel(R) UHD Graphics 630 128 MB,N/A,Working,6,NULL,11/28/2025 15:47,11/28/2025 15:47
124,PC-01,isu-ilagan/ict-department/room-203/pc-01,5,N24HX6H610SW230330HKV2TB114,Windows 11 Pro,12th Gen Intel(R) Core(TM) i3-12100 (3.30 GHz),16.0 GB,238 GB,Intel(R) UHD Graphics 730 128MB,N/A,Working,11,NULL,11/28/2025 15:44,11/28/2025 15:44
125,PC-02,isu-ilagan/ict-department/room-203/pc-02,5,N24HX6H610SW230330HKV2TB038,Windows 11 Pro,12th Gen Intel(R) Core(TM) i3-12100 (3.30 GHz),16.0 GB,238 GB,Intel(R) UHD Graphics 730 128MB,N/A,Working,11,NULL,11/28/2025 15:44,11/28/2025 15:44
126,PC-04,isu-ilagan/ict-department/room-203/pc-04,5,N24HX6H610SW230330HKV2TB049,Windows 11 Pro,12th Gen Intel(R) Core(TM) i3-12100 (3.30 GHz),16.0 GB,238 GB,Intel(R) UHD Graphics 730 128MB,N/A,Working,11,NULL,11/28/2025 15:44,11/28/2025 15:44
127,PC-05,isu-ilagan/ict-department/room-203/pc-05,5,N24HX6H610SW230330HKV2TB054,Windows 11 Pro,12th Gen Intel(R) Core(TM) i3-12100 (3.30 GHz),16.0 GB,238 GB,Intel(R) UHD Graphics 730 128MB,N/A,Working,11,NULL,11/28/2025 15:44,11/28/2025 15:44
128,PC-06,isu-ilagan/ict-department/room-203/pc-06,5,N24HX6H610SW230330HKV2TB082,Windows 11 Pro,12th Gen Intel(R) Core(TM) i3-12100 (3.30 GHz),16.0 GB,238 GB,Intel(R) UHD Graphics 730 128MB,N/A,Working,11,NULL,11/28/2025 15:44,11/28/2025 15:44
129,PC-10,isu-ilagan/ict-department/room-203/pc-10,5,N24H-X8M23110652,Windows 11 Pro,12th Gen Intel(R) Core(TM) i3-12100 (3.30 GHz),16.0 GB,477 GB,Intel(R) UHD Graphics 730 128MB,N/A,Working,11,NULL,11/28/2025 15:44,11/28/2025 15:44
130,PC-12,isu-ilagan/ict-department/room-203/pc-12,5,N24H-X8M23110494,Windows 11 Pro,12th Gen Intel(R) Core(TM) i3-12100 (3.30 GHz),16.0 GB,477 GB,Intel(R) UHD Graphics 730 128MB,N/A,Working,11,NULL,11/28/2025 15:44,11/28/2025 15:44
131,PC-07,isu-ilagan/ict-department/room-203/pc-07,5,N24HX6H610SW230330HKV2TB112,Windows 11 Pro,12th Gen Intel(R) Core(TM) i3-12100 (3.30 GHz),16.0 GB,238 GB,Intel(R) UHD Graphics 730 128MB,N/A,Working,11,NULL,11/28/2025 15:44,11/28/2025 15:44
132,PC-11,isu-ilagan/ict-department/room-203/pc-11,5,N24H-X8M23110447,Windows 11 Pro,12th Gen Intel(R) Core(TM) i3-12100 (3.30 GHz),16.0 GB,447 GB,Intel(R) UHD Graphics 730 128MB,N/A,Working,11,NULL,11/28/2025 15:44,11/28/2025 15:44
133,PC-08,isu-ilagan/ict-department/room-203/pc-08,5,N24HX6H610SW230330HKV2TB113,Windows 11 Pro,12th Gen Intel(R) Core(TM) i3-12100 (3.30 GHz),16.0 GB,238 GB,Intel(R) UHD Graphics 730 128MB,N/A,Working,11,NULL,11/28/2025 15:44,11/28/2025 15:44
134,PC-09,isu-ilagan/ict-department/room-203/pc-09,5,N24HX6H610SW230330HKV2TB135,Windows 11 Pro,12th Gen Intel(R) Core(TM) i3-12100 (3.30 GHz),16.0 GB,238 GB,Intel(R) UHD Graphics 730 128MB,N/A,Working,11,NULL,11/28/2025 15:44,11/28/2025 15:44
135,PC-14,isu-ilagan/ict-department/room-203/pc-14,5,N24H-X8M23110457,Windows 11 Pro,12th Gen Intel(R) Core(TM) i3-12100 (3.30 GHz),16.0 GB,477 GB,Intel(R) UHD Graphics 730 128MB,N/A,Working,11,NULL,11/28/2025 15:44,11/28/2025 15:44
136,PC-15,isu-ilagan/ict-department/room-203/pc-15,5,N24H-X8M23110454,Windows 11 Pro,12th Gen Intel(R) Core(TM) i3-12100 (3.30 GHz),16.0 GB,477 GB,Intel(R) UHD Graphics 730 128MB,N/A,Working,11,NULL,11/28/2025 15:44,11/28/2025 15:44
137,PC-17,isu-ilagan/ict-department/room-203/pc-17,5,N24H-X8M23110521,Windows 11 Pro,12th Gen Intel(R) Core(TM) i3-12100 (3.30 GHz),16.0 GB,238 GB,Intel(R) UHD Graphics 730 128MB,N/A,Working,11,NULL,11/28/2025 15:44,11/28/2025 15:44
138,PC-23,isu-ilagan/ict-department/room-203/pc-23,5,N24H-X8M23110464,Windows 11 Pro,12th Gen Intel(R) Core(TM) i3-12100 (3.30 GHz),16.0 GB,477 GB,Intel(R) UHD Graphics 730 128MB,N/A,Working,11,NULL,11/28/2025 15:44,11/28/2025 15:44
139,PC-18,isu-ilagan/ict-department/room-203/pc-18,5,N24H-X8M23110463,Windows 11 Pro,12th Gen Intel(R) Core(TM) i3-12100 (3.30 GHz),16.0 GB,477 GB,Intel(R) UHD Graphics 730 128MB,N/A,Working,11,NULL,11/28/2025 15:44,11/28/2025 15:44
140,PC-22,isu-ilagan/ict-department/room-203/pc-22,5,N24H-X8M23110492,Windows 11 Pro,12th Gen Intel(R) Core(TM) i3-12100 (3.30 GHz),16.0 GB,477 GB,Intel(R) UHD Graphics 730 128MB,N/A,Working,11,NULL,11/28/2025 15:44,11/28/2025 15:44
141,PC-20,isu-ilagan/ict-department/room-203/pc-20,5,N24H-X8M23110471,Windows 11 Pro,12th Gen Intel(R) Core(TM) i3-12100 (3.30 GHz),16.0 GB,477 GB,Intel(R) UHD Graphics 730 128MB,N/A,Working,11,NULL,11/28/2025 15:44,11/28/2025 15:44
142,PC-19,isu-ilagan/ict-department/room-203/pc-19,5,N24H-X8M23110394,Windows 11 Pro,12th Gen Intel(R) Core(TM) i3-12100 (3.30 GHz),16.0 GB,477 GB,Intel(R) UHD Graphics 730 128MB,N/A,Working,11,NULL,11/28/2025 15:44,11/28/2025 15:44
143,PC-26,isu-ilagan/ict-department/room-203/pc-26,5,N24H-X8M23110648,Windows 11 Pro,12th Gen Intel(R) Core(TM) i3-12100 (3.30 GHz),16.0 GB,477 GB,Intel(R) UHD Graphics 730 128MB,N/A,Working,11,NULL,11/28/2025 15:44,11/28/2025 15:44
144,PC-21,isu-ilagan/ict-department/room-203/pc-21,5,N24H-X8M23110676,Windows 11 Pro,12th Gen Intel(R) Core(TM) i3-12100 (3.30 GHz),16.0 GB,477 GB,Intel(R) UHD Graphics 730 128MB,N/A,Working,11,NULL,11/28/2025 15:44,11/28/2025 15:44
145,PC-24,isu-ilagan/ict-department/room-203/pc-24,5,N24H-X8M23110417,Windows 11 Pro,12th Gen Intel(R) Core(TM) i3-12100 (3.30 GHz),16.0 GB,477 GB,Intel(R) UHD Graphics 730 128MB,N/A,Working,11,NULL,11/28/2025 15:44,11/28/2025 15:44
146,PC-25,isu-ilagan/ict-department/room-203/pc-25,5,N24H-X8M23110472,Windows 11 Pro,12th Gen Intel(R) Core(TM) i3-12100 (3.30 GHz),16.0 GB,477 GB,Intel(R) UHD Graphics 730 128MB,N/A,Working,11,NULL,11/28/2025 15:44,11/28/2025 15:44
147,PC-28,isu-ilagan/ict-department/room-203/pc-28,5,N24H-X8M23110452,Windows 11 Pro,12th Gen Intel(R) Core(TM) i3-12100 (3.30 GHz),16.0 GB,477 GB,Intel(R) UHD Graphics 730 128MB,N/A,Working,11,NULL,11/28/2025 15:44,11/28/2025 15:44
148,PC-29,isu-ilagan/ict-department/room-203/pc-29,5,N24H-X8M23110475,Windows 11 Pro,12th Gen Intel(R) Core(TM) i3-12100 (3.30 GHz),16.0 GB,477 GB,Intel(R) UHD Graphics 730 128MB,N/A,Working,11,NULL,11/28/2025 15:44,11/28/2025 15:44
149,PC-27,isu-ilagan/ict-department/room-203/pc-27,5,N24H-X8M23110483,Windows 11 Pro,12th Gen Intel(R) Core(TM) i3-12100 (3.30 GHz),16.0 GB,477 GB,Intel(R) UHD Graphics 730 128MB,N/A,Working,11,NULL,11/28/2025 15:44,11/28/2025 15:44
150,PC-30,isu-ilagan/ict-department/room-203/pc-30,5,N24H-X8M23110518,Windows 11 Pro,12th Gen Intel(R) Core(TM) i3-12100 (3.30 GHz),16.0 GB,477 GB,Intel(R) UHD Graphics 730 128MB,N/A,Working,11,NULL,11/28/2025 15:44,11/28/2025 15:44
151,PC-32,isu-ilagan/ict-department/room-203/pc-32,5,N24H-X8M23110443,Windows 11 Pro,12th Gen Intel(R) Core(TM) i3-12100 (3.30 GHz),16.0 GB,477 GB,Intel(R) UHD Graphics 730 128MB,N/A,Working,11,NULL,11/28/2025 15:44,11/28/2025 15:44
152,PC-31,isu-ilagan/ict-department/room-203/pc-31,5,N24H-X8M23110486,Windows 11 Pro,12th Gen Intel(R) Core(TM) i3-12100 (3.30 GHz),16.0 GB,477 GB,Intel(R) UHD Graphics 730 128MB,N/A,Working,11,NULL,11/28/2025 15:44,11/28/2025 15:44
153,PC-33,isu-ilagan/ict-department/room-203/pc-33,5,N24H-X8M23110470,Windows 11 Pro,12th Gen Intel(R) Core(TM) i3-12100 (3.30 GHz),16.0 GB,477 GB,Intel(R) UHD Graphics 730 128MB,N/A,Working,11,NULL,11/28/2025 15:44,11/28/2025 15:44
154,PC-35,isu-ilagan/ict-department/room-203/pc-35,5,N24HX6H610SW230330HKV2TB153,Windows 11 Pro,12th Gen Intel(R) Core(TM) i3-12100 (3.30 GHz),16.0 GB,238 GB,Intel(R) UHD Graphics 730 128MB,N/A,Working,11,NULL,11/28/2025 15:44,11/28/2025 15:44
155,PC-34,isu-ilagan/ict-department/room-203/pc-34,5,N24HX6H610SW230330HKV2TB127,Windows 11 Pro,12th Gen Intel(R) Core(TM) i3-12100 (3.30 GHz),16.0 GB,238 GB,Intel(R) UHD Graphics 730 128MB,N/A,Working,11,NULL,11/28/2025 15:44,11/28/2025 15:44
156,PC-37,isu-ilagan/ict-department/room-203/pc-37,5,N24HX6H610SW230330HKV2TB115,Windows 11 Pro,12th Gen Intel(R) Core(TM) i3-12100 (3.30 GHz),16.0 GB,238 GB,Intel(R) UHD Graphics 730 128MB,N/A,Working,11,NULL,11/28/2025 15:44,11/28/2025 15:44
157,PC-38,isu-ilagan/ict-department/room-203/pc-38,5,N24HX6H610SW230330HKV2TB197,Windows 11 Pro,12th Gen Intel(R) Core(TM) i3-12100 (3.30 GHz),16.0 GB,238 GB,Intel(R) UHD Graphics 730 128MB,N/A,Working,11,NULL,11/28/2025 15:44,11/28/2025 15:44
158,PC-36,isu-ilagan/ict-department/room-203/pc-36,5,N24HX6H610SW230330HKV2TB026,Windows 11 Pro,12th Gen Intel(R) Core(TM) i3-12100 (3.30 GHz),16.0 GB,238 GB,Intel(R) UHD Graphics 730 128MB,N/A,Working,11,NULL,11/28/2025 15:44,11/28/2025 15:44
159,PC-40,isu-ilagan/ict-department/room-203/pc-40,5,N24HX6H610SW230330HKV2AB004,Windows 11 Pro,12th Gen Intel(R) Core(TM) i3-12100 (3.30 GHz),16.0 GB,238 GB,Intel(R) UHD Graphics 730 128MB,N/A,Working,11,NULL,11/28/2025 15:44,11/28/2025 15:44
160,PC-39,isu-ilagan/ict-department/room-203/pc-39,5,N24HX6H610SW230330HKV2TB027,Windows 11 Pro,12th Gen Intel(R) Core(TM) i3-12100 (3.30 GHz),16.0 GB,238 GB,Intel(R) UHD Graphics 730 128MB,N/A,Working,11,NULL,11/28/2025 15:44,11/28/2025 15:44
161,PC-43,isu-ilagan/ict-department/room-203/pc-43,5,N24H-X8M23110491,Windows 11 Pro,12th Gen Intel(R) Core(TM) i3-12100 (3.30 GHz),16.0 GB,238 GB,Intel(R) UHD Graphics 730 128MB,N/A,Working,11,NULL,11/28/2025 15:44,11/28/2025 15:44
162,PC-41,isu-ilagan/ict-department/room-203/pc-41,5,N24H-X8M23110506,Windows 11 Pro,12th Gen Intel(R) Core(TM) i3-12100 (3.30 GHz),16.0 GB,477 GB,Intel(R) UHD Graphics 730 128MB,N/A,Working,11,NULL,11/28/2025 15:44,11/28/2025 15:44
163,PC-42,isu-ilagan/ict-department/room-203/pc-42,5,N24H-X8M23110496,Windows 11 Pro,12th Gen Intel(R) Core(TM) i3-12100 (3.30 GHz),16.0 GB,477 GB,Intel(R) UHD Graphics 730 128MB,N/A,Working,11,NULL,11/28/2025 15:44,11/28/2025 15:44
164,PC-02,isu-ilagan/ict-department/room-102/pc-02,1,DQBCMSP001914001586B01,Windows 10 Home Single Language ,Intel(R) Pentium(R) Silver J5005 CPU @ 1.50Ghz,4.0 GB,931.0 GB,Intel(R) UHD Graphics 605,N/A,Not Working,4,For Check Up,12/2/2025 7:07,12/2/2025 7:14
165,PC-03,isu-ilagan/ict-department/room-102/pc-03,1,DQBCMSP001914000736B01,Windows 10 Home Single Language ,Intel(R) Pentium(R) Silver J5005 CPU @ 1.50Ghz,4.0 GB,931.0 GB,Intel UHD Graphics 630,N/A,Not Working,4,For Check Up/No Power cord,12/2/2025 7:08,12/2/2025 7:08
166,PC-10,isu-ilagan/ict-department/room-102/pc-10,1,DQBCMSP001914001476B01,Windows 10 Home Single Language ,Intel(R) Pentium(R) Silver J5005 CPU @ 1.50Ghz,4.0 GB,931.0 GB,Intel(R) UHD Graphics 605,N/A,Not Working,4,For Check Up,12/2/2025 7:09,12/2/2025 7:09
167,PC-11,isu-ilagan/ict-department/room-102/pc-11,1,DQBCMSP001914000636B01,Windows 10 Home Single Language ,Intel(R) Pentium(R) Silver J5005 CPU @ 1.50Ghz,4.0 GB,931.0 GB,Intel UHD Graphics 630,N/A,Not Working,4,For Check Up/No Power cord,12/2/2025 7:09,12/2/2025 7:09
168,PC-12,isu-ilagan/ict-department/room-102/pc-12,1,DQBCMSP001914001556B01,Windows 10 Home Single Language ,Intel(R) Pentium(R) Silver J5005 CPU @ 1.50Ghz,4.0 GB,931.0 GB,Intel UHD Graphics 630,N/A,Needs Repair,4,For Check Up/Have LCD Screen,12/2/2025 7:16,12/2/2025 7:16
169,PC-13,isu-ilagan/ict-department/room-102/pc-13,1,DQBCMSP0019140005C6B01,Windows 10 Home Single Language ,Intel(R) Pentium(R) Silver J5005 CPU @ 1.50Ghz,4.0 GB,931.0 GB,Intel UHD Graphics 630,N/A,Working,4,NULL,12/2/2025 7:17,12/2/2025 7:17
170,PC-14,isu-ilagan/ict-department/room-102/pc-14,1,DQBCMSP001914001566B01,Windows 10 Home Single Language ,Intel(R) Pentium(R) Silver J5005 CPU @ 1.50Ghz,4.0 GB,931.0 GB,Intel UHD Graphics 630,N/A,Not Working,4,For Check Up,12/2/2025 7:17,12/2/2025 7:17
171,PC-15,isu-ilagan/ict-department/room-102/pc-15,1,DQBCMSP0019140015B6B01,Windows 10 Home Single Language ,Intel(R) Pentium(R) Silver J5005 CPU @ 1.50Ghz,4.0 GB,931.0 GB,Intel UHD Graphics 630,N/A,Not Working,4,NULL,12/2/2025 7:18,12/2/2025 7:18
172,PC-16,isu-ilagan/ict-department/room-102/pc-16,1,DQBCMSP001914001206B01,Windows 10 Home Single Language ,Intel(R) Pentium(R) Silver J5005 CPU @ 1.50Ghz,4.0 GB,931.0 GB,Intel UHD Graphics 630,N/A,Needs Repair,4,For Check Up/Have LCD Screen,12/2/2025 7:18,12/2/2025 7:18
173,PC-17,isu-ilagan/ict-department/room-102/pc-17,1,DQBCMSP001914001166B01,Windows 10 Home Single Language ,Intel(R) Pentium(R) Silver J5005 CPU @ 1.50Ghz,4.0 GB,931.0 GB,Intel UHD Graphics 630,N/A,Not Working,4,For Check Up,12/2/2025 7:19,12/2/2025 7:19
174,PC-18,isu-ilagan/ict-department/room-102/pc-18,1,DQBCMSP001914001126B01,Windows 10 Home Single Language ,Intel(R) Pentium(R) Silver J5005 CPU @ 1.50Ghz,4.0 GB,931.0 GB,Intel UHD Graphics 630,N/A,Working,4,NULL,12/2/2025 7:19,12/2/2025 7:19
175,PC-35,isu-ilagan/ict-department/room-102/pc-35,1,DQBCMSP0019140015A6B01,Windows 10 Home Single Language ,Intel(R) Pentium(R) Silver J5005 CPU @ 1.50Ghz,4.0 GB,931.0 GB,Intel UHD Graphics 630,N/A,Not Working,4,For Check Up,12/2/2025 7:20,12/2/2025 7:20
176,PC-36,isu-ilagan/ict-department/room-102/pc-36,1,DQBCMSP001914001426B01,Windows 10 Home Single Language ,Intel(R) Pentium(R) Silver J5005 CPU @ 1.50Ghz,4.0 GB,931.0 GB,Intel UHD Graphics 630,N/A,Not Working,4,For Check Up,12/2/2025 7:20,12/2/2025 7:20
177,PC-37,isu-ilagan/ict-department/room-102/pc-37,1,DQBCMSP0019140011E6B01,Windows 10 Home Single Language ,Intel(R) Pentium(R) Silver J5005 CPU @ 1.50Ghz,4.0 GB,931.0 GB,Intel UHD Graphics 630,N/A,Not Working,4,For Check Up,12/2/2025 7:21,12/2/2025 7:21
178,PC-38,isu-ilagan/ict-department/room-102/pc-38,1,DQBCMSP001914001116B01,Windows 10 Home Single Language ,Intel(R) Pentium(R) Silver J5005 CPU @ 1.50Ghz,4.0 GB,931.0 GB,Intel UHD Graphics 630,N/A,Not Working,4,For Check Up,12/2/2025 7:21,12/2/2025 7:21
179,PC-39,isu-ilagan/ict-department/room-102/pc-39,1,DQBCMSP001914001486B01,Windows 10 Home Single Language ,Intel(R) Pentium(R) Silver J5005 CPU @ 1.50Ghz,4.0 GB,931.0 GB,Intel UHD Graphics 630,N/A,Not Working,4,For Check Up,12/2/2025 7:22,12/2/2025 7:22
180,PC-40,isu-ilagan/ict-department/room-102/pc-40,1,DQBCMSP001914000616B01,Windows 10 Home Single Language ,Intel(R) Pentium(R) Silver J5005 CPU @ 1.50Ghz,4.0 GB,931.0 GB,Intel UHD Graphics 630,N/A,Working,4,Have Small Lcd Screen,12/2/2025 7:22,12/2/2025 7:22
181,PC-23,isu-ilagan/ict-department/room-103/pc-23,2,E241A9S183000228,Windows 10 Home and LINUX,Intel(R) Core(TM) i3-10100 CPU @3.60Hz,16.0 GB,476.92 GB,Microsoft Basic Display Adapter,N/A,Working,7,NULL,12/3/2025 15:20,12/4/2025 11:48
182,PC-24,isu-ilagan/ict-department/room-103/pc-24,2,E241A9S183000762,Windows 10 Home and LINUX,Intel(R) Core(TM) i3-10100 CPU @3.60Hz,16.0 GB,476.92 GB,Microsoft Basic Display Adapter,N/A,Working,7,NULL,12/4/2025 12:01,12/4/2025 12:01
183,PC-25,isu-ilagan/ict-department/room-103/pc-25,2,E241A9S18300021,Windows 10 Home and LINUX,Intel(R) Core(TM) i3-10100 CPU @3.60Hz,16.0 GB,476.92 GB,Microsoft Basic Display Adapter,N/A,Working,7,NULL,12/4/2025 12:02,12/4/2025 12:02
184,PC-26,isu-ilagan/ict-department/room-103/pc-26,2,E241A9S183000149,Windows 10 Home and LINUX,Intel(R) Core(TM) i3-10100 CPU @3.60Hz,16.0 GB,476.92 GB,Microsoft Basic Display Adapter,N/A,Working,7,NULL,12/4/2025 12:02,12/4/2025 12:02
185,PC-27,isu-ilagan/ict-department/room-103/pc-27,2,E241A9S183000755,Windows 10 Home and LINUX,Intel(R) Core(TM) i3-10100 CPU @3.60Hz,16.0 GB,476.92 GB,Microsoft Basic Display Adapter,N/A,Working,7,NULL,12/4/2025 12:06,12/4/2025 12:06
186,PC-28,isu-ilagan/ict-department/room-103/pc-28,2,E241A9S18300036,Windows 10 Home and LINUX,Intel(R) Core(TM) i3-10100 CPU @3.60Hz,16.0 GB,476.92 GB,Microsoft Basic Display Adapter,N/A,Working,7,NULL,12/4/2025 12:09,12/4/2025 12:09
187,PC-29,isu-ilagan/ict-department/room-103/pc-29,2,E241A9S183000126,Windows 10 Home and LINUX,Intel(R) Core(TM) i3-10100 CPU @3.60Hz,16.0 GB,476.92 GB,Microsoft Basic Display Adapter,N/A,Not Working,7,For Check Up,12/4/2025 12:10,12/4/2025 12:10
188,PC-30,isu-ilagan/ict-department/room-103/pc-30,2,E241A9S18301076,Windows 10 Home and LINUX,Intel(R) Core(TM) i3-10100 CPU @3.60Hz,16.0 GB,476.92 GB,Microsoft Basic Display Adapter,N/A,Not Working,7,No Powercord and For Check up,12/4/2025 12:11,12/4/2025 12:11
189,PC-31,isu-ilagan/ict-department/room-103/pc-31,2,E241A9S192000226,Windows 10 Home and LINUX,Intel(R) Core(TM) i3-10100 CPU @3.60Hz,16.0 GB,476.92 GB,Microsoft Basic Display Adapter,N/A,To Be Diagnosed,7,No Power cord,12/4/2025 12:12,12/4/2025 12:12
190,PC-32,isu-ilagan/ict-department/room-103/pc-32,2,E241A9S18301076,Windows 10 Home and LINUX,Intel(R) Core(TM) i3-10100 CPU @3.60Hz,16.0 GB,476.92 GB,Microsoft Basic Display Adapter,N/A,To Be Diagnosed,7,No Powercord and For Check up,12/4/2025 12:12,12/4/2025 12:12
191,PC-16,isu-ilagan/ict-department/room-103/pc-16,2,E241A9S18300147,Windows 10 Home and LINUX,Intel(R) Core(TM) i3-10100 CPU @3.60Hz,16.0 GB,476.92 GB,Microsoft Basic Display Adapter,N/A,Working,7,NULL,12/4/2025 12:14,12/4/2025 12:14
192,PC-17,isu-ilagan/ict-department/room-103/pc-17,2,E241A9S183000132,Windows 10 Home and LINUX,Intel(R) Core(TM) i3-10100 CPU @3.60Hz,16.0 GB,476.92 GB,Microsoft Basic Display Adapter,N/A,Working,7,NULL,12/4/2025 12:14,12/4/2025 12:14
193,PC-18,isu-ilagan/ict-department/room-103/pc-18,2,E241A9S18300727,Windows 10 Home and LINUX,Intel(R) Core(TM) i3-10100 CPU @3.60Hz,16.0 GB,476.92 GB,Microsoft Basic Display Adapter,N/A,Working,7,NULL,12/4/2025 12:14,12/4/2025 12:14
194,PC-19,isu-ilagan/ict-department/room-103/pc-19,2,E241A9S191600342,Windows 10 Home and LINUX,Intel(R) Core(TM) i3-10100 CPU @3.60Hz,16.0 GB,476.92 GB,Microsoft Basic Display Adapter,N/A,Working,7,NULL,12/4/2025 12:15,12/4/2025 12:15
195,PC-20,isu-ilagan/ict-department/room-103/pc-20,2,E241A9S183000790,Windows 10 Home and LINUX,Intel(R) Core(TM) i3-10100 CPU @3.60Hz,16.0 GB,476.92 GB,Microsoft Basic Display Adapter,N/A,Working,7,NULL,12/4/2025 12:17,12/4/2025 12:17
196,PC-21,isu-ilagan/ict-department/room-103/pc-21,2,E241A9S183000765,Windows 10 Home and LINUX,Intel(R) Core(TM) i3-10100 CPU @3.60Hz,16.0 GB,476.92 GB,Microsoft Basic Display Adapter,N/A,Working,7,NULL,12/4/2025 12:18,12/4/2025 12:18
197,PC-22,isu-ilagan/ict-department/room-103/pc-22,2,E241A9S191300383,Windows 10 Home and LINUX,Intel(R) Core(TM) i3-10100 CPU @3.60Hz,16.0 GB,476.92 GB,Microsoft Basic Display Adapter,N/A,To Be Diagnosed,7,No powercord,12/4/2025 18:40,12/4/2025 18:40
198,PC-01,isu-ilagan/ict-department/room-103/pc-01,2,E280DMGDHA19510024,Windows 10 Home and LINUX,Intel(R) Core(TM) i3-10100 CPU @ 3.60GHz,16.0 GB,477.0 GB,Intel(R) UHD Graphics 630,N/A,To Be Diagnosed,7,No Power Cable,12/4/2025 19:57,12/4/2025 19:57
199,PC-02,isu-ilagan/ict-department/room-103/pc-02,2,E241A9S18300054,Windows 10 Home and LINUX,Intel(R) Core(TM) i3-10100 CPU @ 3.60GHz,16.0 GB,477.0 GB,Intel(R) UHD Graphics 630,N/A,Working,7,NULL,12/4/2025 19:58,12/4/2025 19:58
200,PC-03,isu-ilagan/ict-department/room-103/pc-03,2,E241A9S191300557,Windows 10 Home and LINUX,Intel(R) Core(TM) i3-10100 CPU @ 3.60GHz,16.0 GB,477.0 GB,Intel(R) UHD Graphics 630,N/A,Working,7,NULL,12/4/2025 19:59,12/4/2025 19:59
201,PC-04,isu-ilagan/ict-department/room-103/pc-04,2,E241A9S191300550,Windows 10 Home and LINUX,Intel(R) Core(TM) i3-10100 CPU @ 3.60GHz,16.0 GB,477.0 GB,Intel(R) UHD Graphics 630,N/A,Working,7,NULL,12/4/2025 19:59,12/4/2025 19:59
202,PC-05,isu-ilagan/ict-department/room-103/pc-05,2,E241A9S183000328,Windows 10 Home and LINUX,Intel(R) Core(TM) i3-10100 CPU @ 3.60GHz,16.0 GB,477.0 GB,Intel(R) UHD Graphics 630,N/A,Working,7,NULL,12/4/2025 19:59,12/4/2025 19:59
203,PC-06,isu-ilagan/ict-department/room-103/pc-06,2,E241A9S183000328,Windows 10 Home and LINUX,Intel(R) Core(TM) i3-10100 CPU @ 3.60GHz,16.0 GB,477.0 GB,Intel(R) UHD Graphics 630,N/A,To Be Diagnosed,7,No Power Cable,12/4/2025 20:00,12/4/2025 20:00
204,PC-07,isu-ilagan/ict-department/room-103/pc-07,2,E241A9S183001053,Windows 10 Home and LINUX,Intel(R) Core(TM) i3-10100 CPU @ 3.60GHz,16.0 GB,477.0 GB,Intel(R) UHD Graphics 630,N/A,To Be Diagnosed,7,No Power Cable,12/4/2025 20:00,12/4/2025 20:00
205,PC-08,isu-ilagan/ict-department/room-103/pc-08,2,E241A9S183000315,Windows 10 Home and LINUX,Intel(R) Core(TM) i3-10100 CPU @ 3.60GHz,16.0 GB,477.0 GB,Intel(R) UHD Graphics 630,N/A,Working,7,NULL,12/4/2025 20:00,12/4/2025 20:00
206,PC-09,isu-ilagan/ict-department/room-103/pc-09,2,E241A9S183000710,Windows 10 Home and LINUX,Intel(R) Core(TM) i3-10100 CPU @ 3.60GHz,16.0 GB,477.0 GB,Intel(R) UHD Graphics 630,N/A,Working,7,NULL,12/4/2025 20:00,12/4/2025 20:00
207,PC-10,isu-ilagan/ict-department/room-103/pc-10,2,E241A9S183000806,Windows 10 Home and LINUX,Intel(R) Core(TM) i3-10100 CPU @ 3.60GHz,16.0 GB,477.0 GB,Intel(R) UHD Graphics 630,N/A,Working,7,NULL,12/4/2025 20:01,12/4/2025 20:01
208,PC-11,isu-ilagan/ict-department/room-103/pc-11,2,E241A9S183000600,Windows 10 Home and LINUX,Intel(R) Core(TM) i3-10100 CPU @ 3.60GHz,16.0 GB,477.0 GB,Intel(R) UHD Graphics 630,N/A,Working,7,NULL,12/4/2025 20:01,12/4/2025 20:01
209,PC-12,isu-ilagan/ict-department/room-103/pc-12,2,E241A9S191300367,Windows 10 Home and LINUX,Intel(R) Core(TM) i3-10100 CPU @ 3.60GHz,16.0 GB,477.0 GB,Intel(R) UHD Graphics 630,N/A,Working,7,NULL,12/4/2025 20:01,12/4/2025 20:01
210,PC-13,isu-ilagan/ict-department/room-103/pc-13,2,E241A9S191300333,Windows 10 Home and LINUX,Intel(R) Core(TM) i3-10100 CPU @ 3.60GHz,16.0 GB,477.0 GB,Intel(R) UHD Graphics 630,N/A,Working,7,NULL,12/4/2025 20:01,12/4/2025 20:01
211,PC-14,isu-ilagan/ict-department/room-103/pc-14,2,E241A9S191300153,Windows 10 Home and LINUX,Intel(R) Core(TM) i3-10100 CPU @ 3.60GHz,16.0 GB,477.0 GB,Intel(R) UHD Graphics 630,N/A,Working,7,NULL,12/4/2025 20:01,12/4/2025 20:01
212,PC-15,isu-ilagan/ict-department/room-103/pc-15,2,E241A9S183000814,Windows 10 Home and LINUX,Intel(R) Core(TM) i3-10100 CPU @ 3.60GHz,16.0 GB,477.0 GB,Intel(R) UHD Graphics 630,N/A,To Be Diagnosed,7,No Power Cable,12/4/2025 20:02,12/4/2025 20:02
213,PC-01,isu-ilagan/ict-department/room-102/pc-01,1,DQBCMSP001914000606B01,Windows 10 Home Single Language ,Intel(R) Pentium(R) Silver J5005 CPU @ 1.50Ghz,4.0 GB,931.0 GB,Intel(R) UHD Graphics 605,N/A,For Replacement,4,LCD,12/1/2025 14:48,12/1/2025 14:48
214,PC-04,isu-ilagan/ict-department/room-102/pc-04,1,DQBCMSP001914001696B01,Windows 10 Home Single Language ,Intel(R) Pentium(R) Silver J5005 CPU @ 1.50GHz,4.0 GB,931.0 GB,Intel(R) UHD Graphics 605,N/A,To Be Diagnosed,4,LCD no display,12/1/2025 20:51,12/1/2025 20:51
215,PC-05,isu-ilagan/ict-department/room-102/pc-05,1,DQBCMSP001914000656B01,Windows 10 Home Single Language ,Intel(R) Pentium(R) Silver J5005 CPU @ 1.50GHz,4.0 GB,931.0 GB,Intel(R) UHD Graphics 605,N/A,Needs Boot,4,NULL,12/1/2025 20:52,12/1/2025 20:52
216,PC-06,isu-ilagan/ict-department/room-102/pc-06,1,DQBCMSP001914000816B01,Windows 10 Home Single Language ,Intel(R) Pentium(R) Silver J5005 CPU @ 1.50GHz,4.0 GB,931.0 GB,Intel(R) UHD Graphics 605,N/A,For Replacement,4,Broken LCD,12/1/2025 20:52,12/1/2025 20:52
217,PC-08,isu-ilagan/ict-department/room-102/pc-08,1,DQBCMSP001914000776B01,Windows 10 Home Single Language ,Intel(R) Pentium(R) Silver J5005 CPU @ 1.50GHz,4.0 GB,931.0 GB,Intel(R) UHD Graphics 605,N/A,To Be Diagnosed,4,LCD no display,12/1/2025 20:54,12/1/2025 20:54
218,PC-07,isu-ilagan/ict-department/room-102/pc-07,1,DQBCMSP001914000676B01,Windows 10 Home Single Language ,Intel(R) Pentium(R) Silver J5005 CPU @ 1.50GHz,4.0 GB,931.0 GB,Intel(R) UHD Graphics 605,N/A,Not Working,4,Broken LCD,12/1/2025 20:54,12/1/2025 20:54
219,PC-09,isu-ilagan/ict-department/room-102/pc-09,1,DQBCMSP001914001456B01,Windows 10 Home Single Language ,Intel(R) Pentium(R) Silver J5005 CPU @ 1.50GHz,4.0 GB,931.0 GB,Intel(R) UHD Graphics 605,N/A,To Be Diagnosed,4,LCD no display,12/1/2025 20:55,12/1/2025 20:55
220,PC-19,isu-ilagan/ict-department/room-102/pc-19,1,DQBCMSP001914001596B01,Windows 10 Home Single Language ,Intel(R) Pentium(R) Silver J5005 CPU @ 1.50GHz,4.0 GB,931.0 GB,Intel(R) UHD Graphics 605,N/A,Not Working,4,Won't turn on,12/1/2025 20:56,12/1/2025 20:56
221,PC-20,isu-ilagan/ict-department/room-102/pc-20,1,DQBCMSP001914001446B01,Windows 10 Home Single Language ,Intel(R) Pentium(R) Silver J5005 CPU @ 1.50GHz,4.0 GB,931.0 GB,Intel(R) UHD Graphics 605,N/A,Working,4,NULL,12/1/2025 20:56,12/1/2025 20:56
222,PC-21,isu-ilagan/ict-department/room-102/pc-21,1,DQBCMSP0019140006E6B01,Windows 10 Home Single Language ,Intel(R) Pentium(R) Silver J5005 CPU @ 1.50GHz,4.0 GB,931.0 GB,Intel(R) UHD Graphics 605,N/A,Needs Boot,4,NULL,12/1/2025 20:56,12/1/2025 20:56
223,PC-22,isu-ilagan/ict-department/room-102/pc-22,1,DQBCMSP001914001216B01,Windows 10 Home Single Language ,Intel(R) Pentium(R) Silver J5005 CPU @ 1.50GHz,4.0 GB,931.0 GB,Intel(R) UHD Graphics 605,N/A,Working,4,NULL,12/1/2025 20:57,12/1/2025 20:57
224,PC-23,isu-ilagan/ict-department/room-102/pc-23,1,DQBCMSP001914000766B01,Windows 10 Home Single Language ,Intel(R) Pentium(R) Silver J5005 CPU @ 1.50GHz,4.0 GB,931.0 GB,Intel(R) UHD Graphics 605,N/A,To Be Diagnosed,4,LCD no display,12/1/2025 20:57,12/1/2025 20:57
225,PC-24,isu-ilagan/ict-department/room-102/pc-24,1,DQBCMSP001914001136B01,Windows 10 Home Single Language ,Intel(R) Pentium(R) Silver J5005 CPU @ 1.50GHz,4.0 GB,931.0 GB,Intel(R) UHD Graphics 605,N/A,Working,4,NULL,12/1/2025 20:57,12/1/2025 20:57
226,PC-25,isu-ilagan/ict-department/room-102/pc-25,1,DQBCMSP0019140011F6B01,Windows 10 Home Single Language ,Intel(R) Pentium(R) Silver J5005 CPU @ 1.50GHz,4.0 GB,931.0 GB,Intel(R) UHD Graphics 605,N/A,For Replacement,4,Broken LCD,12/1/2025 20:57,12/1/2025 20:57
227,PC-26,isu-ilagan/ict-department/room-102/pc-26,1,DQBCMSP001914000806B01,Windows 10 Home Single Language ,Intel(R) Pentium(R) Silver J5005 CPU @ 1.50GHz,4.0 GB,931.0 GB,Intel(R) UHD Graphics 605,N/A,Working,4,NULL,12/1/2025 20:58,12/1/2025 20:58
228,PC-27,isu-ilagan/ict-department/room-102/pc-27,1,DQBCMSP0019140013F6B01,Windows 10 Home Single Language ,Intel(R) Pentium(R) Silver J5005 CPU @ 1.50GHz,4.0 GB,931.0 GB,Intel(R) UHD Graphics 605,N/A,To Be Diagnosed,4,LCD no display,12/1/2025 20:58,12/1/2025 20:58
229,PC-28,isu-ilagan/ict-department/room-102/pc-28,1,DQBCMSP001914001176B01,Windows 10 Home Single Language ,Intel(R) Pentium(R) Silver J5005 CPU @ 1.50GHz,4.0 GB,931.0 GB,Intel(R) UHD Graphics 605,N/A,Needs Boot,4,NULL,12/1/2025 20:58,12/1/2025 20:58
230,PC-29,isu-ilagan/ict-department/room-102/pc-29,1,DQBCMSP0019140005F6B01,Windows 10 Home Single Language ,Intel(R) Pentium(R) Silver J5005 CPU @ 1.50GHz,4.0 GB,931.0 GB,Intel(R) UHD Graphics 605,N/A,To Be Diagnosed,4,LCD no display,12/1/2025 20:58,12/1/2025 20:58
231,PC-30,isu-ilagan/ict-department/room-102/pc-30,1,DQBCMSP001914000826B01,Windows 10 Home Single Language ,Intel(R) Pentium(R) Silver J5005 CPU @ 1.50GHz,4.0 GB,931.0 GB,Intel(R) UHD Graphics 605,N/A,Working,4,NULL,12/1/2025 20:58,12/1/2025 20:58
232,PC-31,isu-ilagan/ict-department/room-102/pc-31,1,DQBCMSP001914001576B01,Windows 10 Home Single Language ,Intel(R) Pentium(R) Silver J5005 CPU @ 1.50GHz,4.0 GB,931.0 GB,Intel(R) UHD Graphics 605,N/A,Not Working,4,PC won't turn on,12/1/2025 20:59,12/1/2025 20:59
233,PC-32,isu-ilagan/ict-department/room-102/pc-32,1,DQBCMSP0019140005E6B01,Windows 10 Home Single Language ,Intel(R) Pentium(R) Silver J5005 CPU @ 1.50GHz,4.0 GB,931.0 GB,Intel(R) UHD Graphics 605,N/A,Working,4,NULL,12/1/2025 20:59,12/1/2025 20:59
234,PC-33,isu-ilagan/ict-department/room-102/pc-33,1,DQBCMSP001914001436B01,Windows 10 Home Single Language ,Intel(R) Pentium(R) Silver J5005 CPU @ 1.50GHz,4.0 GB,931.0 GB,Intel(R) UHD Graphics 605,N/A,Not Working,4,Power button not working,12/1/2025 20:59,12/1/2025 20:59
235,PC-34,isu-ilagan/ict-department/room-102/pc-34,1,DQBCMSP001914001466B01,Windows 10 Home Single Language ,Intel(R) Pentium(R) Silver J5005 CPU @ 1.50GHz,4.0 GB,931.0 GB,Intel(R) UHD Graphics 605,N/A,To Be Diagnosed,4,LCD no display,12/1/2025 21:00,12/1/2025 21:00
